record_id,aircraft_id,aircraft_model,flight_hours,engine_cycles,engine_temperature_c,oil_pressure_psi,fuel_flow_kg_hr,vibration_mm_s,engine_rpm,hydraulic_pressure_psi,battery_voltage_v,ambient_temperature_c,aircraft_age_years,last_maintenance_days,maintenance_count,fault_history_count,component_wear_pct,fuel_efficiency_pct,sensor_anomaly_count,maintenance_type,failure_within_30_days,failure_probability,remaining_useful_life_hours,maintenance_priority
REC0362,AF-112,MultiRole-A,4482.8,2351,96.2,41.2,347.7,4.99,8478,2929.7,27.28,26.8,11.1,82,15,2,63.2,84.3,5,Routine,0,0.848,173.6,Critical
REC0074,AF-124,Trainer-Z,2069.9,993,88.8,45.5,304.0,3.79,7973,3050.0,27.49,33.6,5.1,21,4,2,38.5,90.3,4,Routine,0,0.339,286.9,Medium
REC0375,AF-125,Cargo-B,2166.5,1086,83.0,43.9,316.4,4.09,8152,3211.5,27.81,44.1,7.0,70,5,3,42.0,89.6,4,Routine,0,0.458,230.7,Medium
REC0156,AF-106,MultiRole-A,847.1,457,80.2,47.7,289.2,2.27,8092,2901.6,27.4,28.5,3.1,59,1,1,17.5,93.8,2,Routine,0,0.086,488.1,Normal
REC0105,AF-105,Trainer-Z,3012.4,1785,97.9,40.7,322.1,5.78,8422,2994.3,27.45,48.0,8.4,5,9,3,67.0,85.6,7,Routine,1,0.928,115.6,Critical
REC0395,AF-145,Cargo-B,4554.7,2377,85.2,44.7,304.3,5.4,8271,2994.2,27.99,30.7,10.4,47,10,2,60.1,86.3,3,Overhaul,1,0.565,209.4,High
REC0378,AF-128,Fighter-X,302.6,162,79.9,49.4,282.2,1.7,8700,3048.0,28.29,43.4,1.2,82,2,1,10.1,97.5,2,Routine,0,0.072,503.0,Normal
REC0125,AF-125,Transport-Y,2213.5,1301,87.5,44.7,312.2,3.01,8313,2932.0,27.96,26.8,7.7,93,1,0,38.5,89.0,1,Routine,0,0.21,397.0,Normal
REC0069,AF-119,Trainer-Z,3954.9,2247,92.5,43.4,319.8,6.1,7928,2896.2,27.71,20.4,10.3,48,6,2,64.8,84.4,2,Routine,1,0.744,220.2,High
REC0451,AF-101,MultiRole-A,1735.3,835,95.9,50.1,264.8,3.7,7707,2959.2,27.73,42.6,5.5,59,3,3,35.2,93.6,5,Inspection,1,0.525,326.5,High
REC0010,AF-110,Cargo-B,2776.3,1289,91.8,43.2,339.8,4.98,8403,2912.0,27.85,25.8,7.5,56,8,3,56.8,88.6,5,Overhaul,1,0.699,182.5,High
REC0195,AF-145,Cargo-B,2848.5,1405,85.3,41.6,315.3,5.22,8185,2941.1,27.93,29.5,9.4,7,6,2,51.5,85.6,2,Corrective,1,0.577,251.6,High
REC0407,AF-107,Cargo-B,1768.6,878,89.6,45.2,316.2,4.01,8106,2862.9,27.6,27.9,4.7,91,4,1,42.6,90.1,1,Corrective,0,0.298,331.5,Medium
REC0085,AF-135,Transport-Y,2923.8,1610,95.8,36.8,305.7,5.98,8473,2864.2,27.19,17.8,8.4,31,9,5,61.2,85.3,6,Routine,1,0.99,142.6,Critical
REC0372,AF-122,Transport-Y,1900.4,962,94.1,39.5,311.8,3.82,8493,3008.2,27.64,26.9,4.7,65,6,3,49.1,88.2,3,Routine,1,0.726,232.3,High
REC0389,AF-139,Fighter-X,2792.1,1267,88.4,46.2,296.8,4.05,8201,3142.0,27.72,24.8,8.2,96,5,1,37.7,92.8,2,Inspection,0,0.34,337.3,Medium
REC0496,AF-146,Fighter-X,2775.3,1302,85.2,45.6,317.7,4.08,7898,2937.3,27.05,43.0,6.6,37,4,1,44.0,90.5,1,Routine,1,0.219,315.3,Normal
REC0031,AF-131,MultiRole-A,2017.9,971,95.3,37.7,299.0,3.48,7872,2933.7,27.61,22.3,5.0,35,3,0,54.9,86.5,1,Overhaul,0,0.655,284.2,High
REC0317,AF-117,MultiRole-A,3254.2,1839,86.1,44.9,318.0,4.34,8419,2934.6,27.11,36.7,9.6,43,8,2,63.0,87.7,2,Inspection,1,0.423,190.5,Medium
REC0409,AF-109,Transport-Y,1752.3,833,85.4,42.4,309.5,3.87,8406,3057.7,27.79,16.4,6.9,72,6,2,41.1,87.2,3,Routine,0,0.443,287.1,Medium
REC0491,AF-141,MultiRole-A,2004.3,940,80.9,46.2,286.6,3.14,8214,2985.3,28.21,32.6,6.7,85,6,2,29.3,92.7,2,Inspection,1,0.232,360.5,Normal
REC0492,AF-142,Fighter-X,1438.8,851,83.4,47.3,288.4,3.58,8463,2994.1,27.66,34.1,4.6,34,1,1,26.6,94.1,1,Overhaul,0,0.13,412.6,Normal
REC0281,AF-131,Fighter-X,3908.4,2261,90.9,43.7,340.4,4.34,7879,2981.6,27.78,20.8,11.7,5,9,0,54.7,86.4,1,Inspection,1,0.343,284.1,Medium
REC0357,AF-107,MultiRole-A,2665.8,1377,83.2,40.9,339.8,3.39,8304,2967.6,27.3,24.0,8.9,43,4,5,45.9,87.5,5,Inspection,1,0.708,218.4,High
REC0077,AF-127,Cargo-B,300.0,172,79.1,44.2,260.9,2.78,8438,3169.4,27.98,27.1,1.0,25,1,1,16.1,97.2,3,Routine,0,0.12,503.0,Normal
REC0462,AF-112,MultiRole-A,1369.7,753,91.5,50.7,306.0,2.37,8199,3070.3,27.69,33.8,3.9,85,2,0,29.3,98.0,0,Routine,0,0.121,433.8,Normal
REC0498,AF-148,Trainer-Z,2771.2,1634,93.5,45.9,306.7,3.11,8250,2976.3,27.83,25.9,8.8,112,8,0,50.3,88.3,0,Inspection,1,0.348,331.5,Medium
REC0212,AF-112,Cargo-B,2385.8,1330,89.1,49.5,289.5,3.14,7965,2893.2,27.47,24.5,8.4,109,7,1,34.4,88.6,1,Corrective,0,0.264,378.8,Medium
REC0102,AF-102,Fighter-X,2416.9,1373,87.0,45.8,307.2,2.88,8646,3191.2,27.59,30.2,7.3,86,2,2,34.1,93.1,2,Routine,1,0.239,386.1,Normal
REC0335,AF-135,Transport-Y,3522.6,1702,91.2,43.1,336.9,5.53,8298,2818.8,27.32,17.8,10.5,134,11,6,63.7,83.2,6,Overhaul,1,0.966,20.0,Critical
REC0476,AF-126,MultiRole-A,3713.2,1896,85.7,44.7,329.2,3.35,8193,2959.6,28.01,25.2,8.7,5,9,0,47.6,91.1,2,Inspection,1,0.183,345.2,Normal
REC0337,AF-137,MultiRole-A,2002.7,1063,90.2,46.4,310.9,4.09,8115,3101.2,27.59,27.6,5.8,86,4,1,44.4,91.5,1,Corrective,0,0.304,274.0,Medium
REC0441,AF-141,MultiRole-A,3109.8,1716,84.7,45.5,319.3,4.59,8338,2854.0,27.57,33.1,8.6,14,9,1,50.0,88.7,1,Corrective,0,0.304,271.0,Medium
REC0174,AF-124,Fighter-X,1111.6,559,87.3,44.6,307.2,3.62,8343,3014.7,27.87,25.0,3.3,68,5,1,24.5,90.2,2,Overhaul,0,0.225,396.6,Normal
REC0003,AF-103,Fighter-X,2924.0,1439,94.1,46.8,290.6,4.1,8020,3013.6,27.55,36.2,9.3,41,7,0,50.8,87.0,0,Routine,1,0.315,371.3,Medium
REC0334,AF-134,Trainer-Z,4335.0,1979,102.0,38.5,330.3,5.3,7973,2823.3,27.22,32.0,10.1,39,9,1,78.4,80.8,4,Inspection,1,0.958,140.8,Critical
REC0410,AF-110,Trainer-Z,738.5,373,85.9,46.0,297.3,2.99,8075,2968.7,27.91,37.5,1.9,64,5,2,23.5,94.1,3,Routine,0,0.214,416.3,Normal
REC0071,AF-121,Fighter-X,1990.9,936,82.8,44.9,314.2,3.27,8245,2943.0,28.14,28.6,5.2,59,5,0,35.9,90.3,0,Routine,0,0.119,422.1,Normal
REC0210,AF-110,Trainer-Z,1984.2,1150,85.4,48.4,300.1,2.78,8483,3161.5,27.56,15.0,6.1,5,3,1,24.2,93.1,1,Corrective,0,0.126,454.9,Normal
REC0064,AF-114,Transport-Y,1692.6,943,93.5,42.0,305.1,3.8,8545,2935.0,27.97,35.0,6.3,20,1,3,47.0,89.7,4,Overhaul,1,0.618,290.9,High
REC0385,AF-135,Trainer-Z,1389.5,810,86.4,49.9,298.5,2.05,8456,3009.4,27.55,39.6,3.7,8,1,1,22.1,93.4,1,Routine,0,0.106,467.8,Normal
REC0094,AF-144,Transport-Y,3108.0,1848,91.4,42.6,322.1,4.55,8451,2887.7,27.4,24.3,9.6,124,8,3,57.7,86.7,3,Routine,1,0.768,179.7,Critical
REC0486,AF-136,Cargo-B,2275.2,1199,86.6,47.1,302.4,4.65,8212,2837.2,27.71,19.4,8.8,5,8,2,41.5,89.8,2,Corrective,1,0.326,307.8,Medium
REC0186,AF-136,Cargo-B,2435.9,1237,93.4,42.2,333.0,5.05,7785,2933.2,27.59,31.6,8.9,86,8,3,45.4,85.1,3,Routine,1,0.687,201.9,High
REC0034,AF-134,Cargo-B,2076.5,1241,92.8,50.1,316.5,2.62,8270,3150.3,27.64,33.9,5.1,27,3,0,26.1,93.8,1,Inspection,0,0.141,408.9,Normal
REC0078,AF-128,Trainer-Z,1620.0,936,90.3,45.8,312.5,3.79,8376,3005.7,27.42,20.8,5.6,82,3,3,45.2,89.3,3,Inspection,0,0.462,267.7,Medium
REC0001,AF-101,Fighter-X,3352.8,1809,86.7,42.3,324.0,3.07,8411,2837.1,27.5,26.3,8.5,90,9,1,49.1,86.7,1,Inspection,1,0.404,307.3,Medium
REC0012,AF-112,Trainer-Z,1791.3,827,89.5,49.3,282.7,3.83,8570,3117.8,27.56,18.7,5.0,113,3,1,38.4,87.8,2,Inspection,1,0.339,366.0,Medium
REC0416,AF-116,Cargo-B,2136.9,1255,87.0,50.3,312.1,3.76,8332,2967.1,27.77,42.4,5.5,56,4,3,37.1,93.5,3,Corrective,0,0.342,298.2,Medium
REC0023,AF-123,Cargo-B,2646.8,1233,93.4,48.0,305.9,3.8,8531,2917.9,28.09,22.4,7.1,62,3,1,40.9,90.9,1,Inspection,0,0.274,344.1,Medium
REC0073,AF-123,Transport-Y,3170.0,1675,91.2,42.6,307.5,3.69,8163,3072.3,28.02,42.7,8.9,79,9,0,52.0,85.5,1,Corrective,0,0.413,313.4,Medium
REC0183,AF-133,MultiRole-A,3719.3,2025,96.2,48.2,326.6,4.68,7887,2964.7,27.21,29.8,11.8,51,12,1,63.2,85.4,1,Inspection,1,0.534,251.6,High
REC0132,AF-132,MultiRole-A,2964.4,1345,97.0,41.2,331.7,5.11,8077,2822.7,27.67,26.6,10.6,66,5,2,59.3,86.4,2,Corrective,0,0.785,252.9,Critical
REC0411,AF-111,Transport-Y,2416.7,1285,87.6,44.4,305.7,4.4,8158,2898.4,27.81,31.7,7.7,5,4,3,45.0,88.4,4,Routine,1,0.487,248.8,Medium
REC0194,AF-144,Trainer-Z,2197.9,1124,85.1,46.3,309.1,4.41,8306,2964.5,27.38,31.4,5.2,56,5,2,37.0,90.2,2,Corrective,1,0.281,314.7,Medium
REC0056,AF-106,Fighter-X,3079.4,1694,90.2,43.5,330.9,4.57,8145,3075.4,27.41,32.9,9.4,130,6,1,54.6,84.3,2,Corrective,0,0.583,257.1,High
REC0149,AF-149,Fighter-X,1456.5,658,76.5,53.6,273.9,2.11,8070,3063.9,28.37,36.1,4.3,151,4,0,15.7,89.9,3,Inspection,0,0.179,402.5,Normal
REC0019,AF-119,Fighter-X,4642.0,2193,92.8,41.4,333.4,5.51,8173,2881.5,27.51,30.3,10.5,51,11,4,72.5,81.3,7,Corrective,1,0.924,47.4,Critical
REC0205,AF-105,MultiRole-A,3525.1,1947,89.8,43.2,328.2,5.41,8233,2878.0,27.79,38.4,8.5,51,9,3,66.2,82.0,4,Routine,1,0.676,133.5,High
REC0079,AF-129,Cargo-B,547.1,255,88.7,43.5,287.0,4.29,7992,3004.8,27.3,26.3,1.0,69,1,5,36.1,90.2,6,Routine,0,0.667,227.3,High
REC0495,AF-145,Fighter-X,2261.7,1105,82.1,47.2,304.1,3.43,8156,2941.7,27.45,32.4,8.0,66,3,1,40.8,89.3,3,Inspection,0,0.278,343.4,Medium
REC0263,AF-113,MultiRole-A,3937.8,2006,93.6,42.5,312.7,5.53,8060,2857.7,27.43,28.2,8.4,5,14,1,72.4,84.9,2,Corrective,1,0.75,174.6,Critical
REC0324,AF-124,Cargo-B,2019.5,1156,92.7,47.1,277.6,4.34,7901,2945.4,27.8,30.4,4.2,32,3,2,31.6,97.1,3,Inspection,0,0.339,351.8,Medium
REC0484,AF-134,Trainer-Z,3078.0,1538,89.1,45.9,296.6,3.66,7768,2953.9,27.76,47.0,7.3,54,8,2,40.6,92.1,4,Routine,0,0.318,317.7,Medium
REC0080,AF-130,Fighter-X,3167.6,1849,87.2,44.9,316.7,4.83,8302,3003.4,26.9,38.1,8.3,49,8,1,51.6,89.0,1,Inspection,0,0.368,284.7,Medium
REC0040,AF-140,MultiRole-A,3227.5,1494,76.6,40.6,339.5,5.45,8273,2825.5,27.09,22.6,8.6,29,5,2,58.4,87.2,4,Corrective,1,0.758,212.1,Critical
REC0452,AF-102,Cargo-B,3160.1,1460,91.1,43.3,302.7,5.16,8295,2951.5,27.65,24.5,8.4,18,9,3,47.1,87.1,4,Inspection,1,0.642,257.8,High
REC0047,AF-147,MultiRole-A,2581.9,1365,89.5,48.6,314.8,5.49,8287,2940.0,27.73,26.0,6.4,38,4,3,52.0,85.6,3,Inspection,0,0.565,223.0,High
REC0239,AF-139,Trainer-Z,4464.4,2165,86.1,44.8,330.5,4.03,8344,2969.0,27.97,21.2,10.9,16,11,0,53.1,88.2,1,Corrective,1,0.245,338.7,Normal
REC0392,AF-142,Transport-Y,3044.0,1372,82.7,46.4,300.4,4.6,8570,2989.8,27.53,23.2,10.4,49,7,1,49.7,90.4,3,Routine,1,0.347,269.0,Medium
REC0353,AF-103,MultiRole-A,1973.6,1133,85.9,45.6,350.8,5.07,8166,2822.7,27.78,35.0,7.1,112,6,2,49.2,90.5,2,Routine,0,0.557,209.1,High
REC0342,AF-142,MultiRole-A,1563.3,785,92.6,43.8,315.1,4.27,7613,2888.2,27.41,30.9,7.1,129,3,3,49.4,87.1,4,Inspection,0,0.746,181.1,High
REC0278,AF-128,Fighter-X,1471.9,728,79.6,45.0,303.3,3.17,8367,2933.5,27.78,32.7,3.6,67,1,3,31.0,90.3,4,Routine,0,0.271,369.3,Medium
REC0291,AF-141,MultiRole-A,4875.1,2478,88.1,40.9,320.6,4.99,8047,2889.5,27.32,35.3,10.8,99,14,1,75.5,80.3,2,Overhaul,1,0.74,142.5,High
REC0318,AF-118,Trainer-Z,4079.5,2413,95.9,41.0,319.8,5.42,8337,2855.6,27.36,31.6,11.8,58,16,1,68.8,85.9,4,Routine,1,0.833,214.9,Critical
REC0305,AF-105,Transport-Y,3060.7,1419,90.7,44.2,290.4,4.34,7951,2870.3,27.66,29.6,7.5,35,5,1,55.0,85.6,1,Routine,1,0.38,290.9,Medium
REC0269,AF-119,Transport-Y,3744.1,1728,90.9,43.3,326.6,5.71,7789,2826.4,27.31,22.6,9.4,72,9,3,62.1,87.3,3,Routine,0,0.726,106.9,High
REC0070,AF-120,Trainer-Z,1608.6,730,86.9,45.2,291.7,4.24,8515,2957.0,27.71,28.6,5.5,82,3,3,45.1,88.2,3,Routine,0,0.5,251.7,High
REC0456,AF-106,Cargo-B,2680.6,1251,88.9,47.2,275.9,3.71,8265,3034.1,27.57,30.8,8.9,89,9,0,38.2,88.2,1,Inspection,0,0.216,326.4,Normal
REC0466,AF-116,Trainer-Z,2485.5,1382,88.3,45.1,301.9,3.5,8171,2912.2,27.73,34.3,5.3,75,5,1,42.1,90.3,2,Inspection,0,0.27,306.0,Medium
REC0155,AF-105,Fighter-X,4140.6,1897,98.2,41.2,342.9,5.64,8249,2921.8,27.05,38.5,13.0,83,8,1,63.9,88.7,3,Corrective,1,0.878,146.8,Critical
REC0083,AF-133,MultiRole-A,5689.5,2672,102.9,41.0,306.1,6.31,7997,2761.6,27.18,31.0,12.7,5,11,4,80.5,79.9,6,Routine,1,0.971,20.0,Critical
REC0478,AF-128,Transport-Y,1970.6,992,89.9,45.0,288.1,4.3,8060,2922.9,27.34,20.6,5.7,48,3,3,39.6,87.6,3,Inspection,0,0.401,267.6,Medium
REC0173,AF-123,MultiRole-A,610.3,299,80.1,50.0,275.9,2.41,8173,3153.1,27.68,21.7,3.2,69,1,0,18.8,95.2,0,Routine,0,0.084,532.6,Normal
REC0322,AF-122,Transport-Y,2073.5,1076,88.8,43.5,325.7,3.94,7884,2974.6,27.88,26.1,6.3,40,6,3,48.4,89.0,3,Corrective,0,0.395,298.1,Medium
REC0091,AF-141,Transport-Y,1658.8,765,83.5,46.4,264.2,3.03,8366,3006.3,27.75,31.5,4.7,49,2,1,21.5,91.8,3,Routine,0,0.153,459.2,Normal
REC0181,AF-131,Transport-Y,630.6,316,87.3,50.4,279.5,1.91,8108,3137.3,27.73,27.8,1.9,83,1,2,10.9,97.0,2,Routine,1,0.098,488.8,Normal
REC0415,AF-115,Cargo-B,3238.5,1920,94.4,40.5,304.4,5.89,8112,2909.0,27.31,37.8,9.0,75,10,5,57.2,88.4,5,Corrective,1,0.911,116.1,Critical
REC0313,AF-113,Trainer-Z,1750.3,856,91.8,43.3,305.3,4.02,8115,3067.1,27.9,34.3,5.5,114,4,0,39.9,90.7,0,Inspection,0,0.387,326.8,Medium
REC0279,AF-129,Fighter-X,1741.8,915,87.8,47.8,306.6,3.71,8153,3016.0,27.83,26.0,4.5,14,2,1,43.3,88.9,1,Corrective,0,0.256,407.9,Medium
REC0382,AF-132,Transport-Y,2793.1,1571,91.5,44.5,312.5,3.68,8466,2981.1,27.0,31.3,6.8,60,9,2,52.0,90.9,3,Routine,1,0.476,240.2,Medium
REC0473,AF-123,Cargo-B,3816.0,2241,95.7,39.5,325.5,4.79,8446,2895.9,27.55,26.5,10.8,62,8,2,59.7,86.4,2,Routine,1,0.776,191.5,Critical
REC0363,AF-113,Trainer-Z,2085.8,991,88.1,46.0,298.3,3.25,8197,3101.2,27.87,31.6,7.3,54,3,1,33.8,93.4,3,Routine,0,0.198,436.9,Normal
REC0325,AF-125,Cargo-B,1463.3,764,91.3,44.6,293.0,4.64,8071,3022.1,27.59,23.4,3.2,67,1,1,41.9,87.9,2,Corrective,0,0.346,323.8,Medium
REC0432,AF-132,Cargo-B,4366.2,2298,85.2,36.6,332.9,6.61,8143,2760.5,27.82,35.8,10.7,48,7,6,70.3,86.3,7,Routine,1,0.99,20.0,Critical
REC0348,AF-148,Fighter-X,3788.1,1849,93.1,42.5,321.7,5.11,7996,2757.0,27.55,22.2,10.3,21,11,3,59.1,88.8,3,Inspection,0,0.695,172.8,High
REC0087,AF-137,Fighter-X,2892.9,1563,94.4,51.5,276.8,4.03,8284,2944.9,27.53,31.0,6.7,70,5,1,39.8,88.8,1,Corrective,0,0.299,333.8,Medium
REC0076,AF-126,Fighter-X,3317.8,1700,96.9,43.0,328.5,5.25,8106,2865.1,27.49,48.0,7.1,105,8,2,62.9,88.1,3,Routine,0,0.873,154.9,Critical
REC0439,AF-139,Trainer-Z,2432.1,1108,84.6,41.3,292.4,4.28,8537,3074.4,27.74,32.7,7.6,64,4,1,44.5,89.1,1,Routine,0,0.36,317.2,Medium
REC0016,AF-116,Trainer-Z,4382.3,2491,93.9,40.9,348.7,6.07,8426,2813.3,27.17,39.5,10.5,54,10,3,72.2,86.3,4,Inspection,1,0.895,145.3,Critical
REC0250,AF-150,MultiRole-A,1020.5,468,82.7,48.0,294.3,3.17,7515,3003.2,27.84,20.3,2.8,110,1,3,32.6,92.9,5,Inspection,1,0.445,297.5,Medium
REC0434,AF-134,Trainer-Z,3611.0,1813,90.4,38.3,319.9,6.3,8033,2856.6,27.39,24.9,8.8,57,9,2,73.7,85.4,8,Corrective,1,0.99,54.7,Critical
REC0020,AF-120,MultiRole-A,4156.1,2401,93.5,40.5,344.7,4.74,8569,2837.2,27.38,36.1,11.7,60,11,1,72.2,79.2,5,Routine,0,0.848,158.6,Critical
REC0323,AF-123,Transport-Y,2683.4,1445,85.9,45.4,311.3,2.36,8302,3104.5,28.1,34.7,7.1,59,4,0,33.2,89.8,1,Routine,0,0.106,440.2,Normal
REC0333,AF-133,Fighter-X,4043.3,2246,86.3,44.9,303.4,5.29,8003,2846.3,27.61,29.5,10.7,85,9,1,59.5,84.9,1,Routine,0,0.482,152.0,Medium
REC0057,AF-107,Transport-Y,4595.4,2751,89.3,38.9,328.2,5.25,8003,2771.0,27.51,22.9,12.0,36,13,2,64.3,86.8,3,Routine,1,0.806,157.0,Critical
REC0302,AF-102,Trainer-Z,2056.9,1146,87.2,41.1,279.7,3.43,7613,3011.1,28.21,43.2,4.6,112,5,5,30.7,92.7,5,Corrective,1,0.662,278.8,High
REC0230,AF-130,Fighter-X,1511.9,854,85.3,44.5,282.9,3.92,8152,3029.7,28.16,31.6,3.5,77,7,5,28.2,92.7,6,Routine,0,0.562,279.4,High
REC0332,AF-132,Transport-Y,3346.3,1930,90.0,45.7,340.9,4.58,8609,2901.3,27.54,35.0,8.3,25,9,2,53.7,87.2,2,Inspection,0,0.449,260.2,Medium
REC0133,AF-133,Cargo-B,1620.7,736,83.9,47.5,296.8,4.42,8531,2956.7,27.28,26.8,4.8,61,4,2,42.2,88.8,2,Corrective,0,0.314,288.4,Medium
REC0138,AF-138,Trainer-Z,1902.3,972,88.0,46.8,308.3,3.22,8204,2870.0,28.1,28.6,5.5,56,5,2,32.5,90.8,4,Routine,0,0.258,354.1,Medium
REC0424,AF-124,Fighter-X,2463.0,1190,95.5,42.1,300.5,4.9,8183,2935.4,27.92,28.7,7.3,47,6,4,52.4,88.4,4,Routine,1,0.818,213.1,Critical
REC0336,AF-136,Cargo-B,2344.3,1338,83.6,43.3,294.7,3.89,8388,3109.6,27.58,28.0,9.6,85,8,2,35.0,94.0,2,Routine,0,0.373,342.9,Medium
REC0026,AF-126,Fighter-X,3894.6,2028,94.3,46.3,313.8,5.06,8221,2930.8,27.38,30.6,10.3,47,10,2,62.0,85.0,4,Inspection,0,0.691,181.4,High
REC0465,AF-115,Cargo-B,2367.6,1333,83.9,45.8,307.4,5.34,8017,2966.0,27.98,28.7,9.9,5,6,2,52.4,86.5,3,Routine,0,0.508,241.8,High
REC0282,AF-132,Trainer-Z,3596.4,1884,87.5,43.5,344.8,4.06,7896,3081.2,27.34,26.7,8.3,78,11,2,47.5,91.7,3,Routine,0,0.47,256.8,Medium
REC0248,AF-148,MultiRole-A,2320.7,1117,83.3,44.2,321.3,4.09,8326,2925.0,27.21,28.1,9.0,58,4,3,41.1,89.7,5,Routine,0,0.486,263.5,Medium
REC0238,AF-138,Cargo-B,1720.4,839,84.7,48.3,299.0,3.63,8276,2919.1,27.56,32.0,5.4,29,3,2,40.5,91.4,2,Inspection,0,0.233,358.4,Normal
REC0118,AF-118,Fighter-X,3509.9,2104,96.9,43.3,312.3,5.07,8422,3073.0,27.63,25.7,10.6,30,5,1,53.5,90.3,1,Routine,1,0.604,316.7,High
REC0043,AF-143,Transport-Y,3166.3,1529,98.6,40.3,318.2,4.18,8013,2925.5,27.45,29.3,8.3,100,10,2,57.5,87.2,2,Routine,1,0.836,212.8,Critical
REC0221,AF-121,Transport-Y,2674.2,1428,92.4,49.2,314.3,3.42,8280,2944.6,27.52,36.8,7.1,19,5,1,41.0,93.0,3,Overhaul,1,0.28,302.6,Medium
REC0177,AF-127,Trainer-Z,4688.7,2704,94.1,45.7,322.0,5.03,7962,3001.1,27.22,33.4,11.2,35,11,3,63.2,80.2,4,Overhaul,1,0.68,190.6,High
REC0321,AF-121,Transport-Y,3135.9,1776,89.0,43.6,316.0,5.61,8591,2936.3,27.39,27.0,7.9,5,11,3,55.1,86.0,4,Routine,1,0.643,203.1,High
REC0154,AF-104,Cargo-B,544.7,257,89.9,45.3,313.9,4.51,8141,2787.9,27.84,27.2,2.3,61,1,4,44.0,89.5,5,Routine,1,0.527,231.1,High
REC0232,AF-132,Trainer-Z,2868.2,1455,85.2,46.6,317.6,4.04,7961,3005.2,27.57,23.4,6.9,109,8,1,45.6,89.2,4,Routine,1,0.488,249.5,Medium
REC0228,AF-128,MultiRole-A,4286.5,2034,92.5,41.0,342.0,5.5,7799,3006.3,27.16,36.3,13.8,89,11,3,68.5,86.2,5,Inspection,1,0.929,87.8,Critical
REC0418,AF-118,Transport-Y,1613.3,946,86.1,48.2,299.1,3.58,8390,2933.3,27.67,29.8,4.2,80,2,3,39.1,90.1,4,Overhaul,0,0.392,296.3,Medium
REC0204,AF-104,Cargo-B,1002.3,490,82.3,44.5,317.8,3.37,8079,2989.5,27.53,32.7,2.2,29,2,3,32.3,92.6,3,Corrective,0,0.282,383.4,Medium
REC0127,AF-127,MultiRole-A,1653.0,759,88.2,41.5,303.6,3.53,8229,3186.1,27.85,24.1,4.7,66,3,2,36.3,88.7,2,Corrective,0,0.356,356.4,Medium
REC0330,AF-130,Fighter-X,1256.1,597,88.3,45.3,287.9,3.88,7964,2922.6,27.69,29.2,3.6,78,3,4,38.6,89.6,4,Routine,0,0.483,260.6,Medium
REC0032,AF-132,Trainer-Z,1650.9,920,87.9,44.7,310.8,3.09,8093,2943.1,27.86,29.1,5.9,15,5,0,33.6,91.8,0,Inspection,0,0.097,451.9,Normal
REC0114,AF-114,Fighter-X,2407.7,1212,86.2,41.8,315.5,4.52,8700,2930.2,27.87,15.0,7.3,74,6,3,47.1,89.5,5,Routine,1,0.652,240.0,High
REC0471,AF-121,Fighter-X,3443.1,1864,99.1,47.2,308.4,3.8,8201,2925.9,27.28,29.0,8.0,85,5,0,51.1,87.0,1,Corrective,0,0.428,339.8,Medium
REC0272,AF-122,Transport-Y,2012.2,956,83.8,48.9,313.9,4.28,8600,3022.6,27.92,22.7,8.3,63,5,3,42.9,87.0,3,Corrective,1,0.423,292.2,Medium
REC0141,AF-141,Fighter-X,4741.0,2219,89.9,43.3,301.9,5.11,8059,2914.2,27.29,38.8,11.9,14,10,1,52.4,88.2,1,Routine,0,0.43,275.8,Medium
REC0058,AF-108,MultiRole-A,4166.8,1912,99.7,38.2,333.1,5.32,7857,2898.0,27.34,27.9,12.0,77,7,1,73.0,85.9,3,Routine,1,0.915,155.6,Critical
REC0193,AF-143,Cargo-B,3763.4,2098,81.9,41.9,330.1,5.55,8248,2859.8,27.16,21.3,10.2,23,9,2,54.1,84.7,2,Overhaul,0,0.549,239.3,High
REC0025,AF-125,Transport-Y,2749.7,1352,91.4,39.8,302.9,4.43,7872,2942.5,27.38,23.7,7.3,19,4,2,50.2,87.2,2,Routine,1,0.6,299.3,High
REC0018,AF-118,Cargo-B,5419.0,2808,89.6,43.8,347.5,5.34,7870,2717.1,26.85,36.8,13.8,61,13,0,72.9,84.1,4,Inspection,0,0.591,208.2,High
REC0266,AF-116,Trainer-Z,1743.8,886,81.7,48.6,302.9,3.06,8117,2990.9,27.51,21.2,4.3,36,1,0,41.5,87.8,0,Routine,0,0.124,405.1,Normal
REC0067,AF-117,Transport-Y,3325.8,1576,90.9,39.9,299.0,5.11,8553,2821.8,27.37,40.1,8.0,25,7,2,59.7,84.4,4,Inspection,1,0.807,189.4,Critical
REC0209,AF-109,Transport-Y,1812.5,1015,87.3,44.6,325.1,4.84,8006,2972.5,27.94,45.9,6.0,55,2,5,35.4,89.8,6,Overhaul,1,0.626,216.6,High
REC0480,AF-130,Trainer-Z,1279.3,765,88.5,45.5,299.7,3.43,8061,3055.6,27.85,32.3,5.1,5,1,1,36.4,91.7,2,Routine,1,0.22,400.3,Normal
REC0095,AF-145,Trainer-Z,512.3,258,88.1,43.9,302.3,2.73,8351,2955.0,27.61,29.5,2.7,43,3,2,31.4,94.0,3,Corrective,0,0.218,403.2,Normal
REC0254,AF-104,Cargo-B,3421.9,1875,89.5,42.3,293.9,4.87,8260,2973.0,27.68,33.5,13.6,46,6,0,53.6,86.6,0,Routine,0,0.379,315.9,Medium
REC0267,AF-117,Fighter-X,2466.0,1371,87.9,44.8,280.1,2.1,8555,2987.0,27.33,39.7,8.1,10,7,0,24.9,92.3,1,Routine,0,0.055,445.2,Normal
REC0024,AF-124,Cargo-B,3921.4,1974,88.5,43.4,278.6,4.01,8045,2969.9,27.65,25.6,11.2,74,5,0,54.3,87.0,2,Routine,0,0.394,263.0,Medium
REC0223,AF-123,MultiRole-A,3275.4,1899,92.0,40.6,319.1,4.7,7936,2886.2,28.03,36.2,8.3,65,10,2,58.7,88.0,4,Inspection,1,0.745,238.3,High
REC0262,AF-112,Cargo-B,450.2,207,82.0,49.7,268.9,2.13,7964,3139.2,27.7,48.0,1.3,43,1,2,12.6,96.2,4,Inspection,0,0.109,457.3,Normal
REC0427,AF-127,Trainer-Z,3298.9,1697,91.7,39.5,336.0,5.8,8095,2806.7,27.24,32.5,9.3,79,9,6,63.9,85.5,6,Routine,1,0.914,57.4,Critical
REC0006,AF-106,Fighter-X,2169.7,1067,93.4,41.7,321.4,5.09,7824,3092.9,27.35,35.3,7.2,40,3,2,50.1,86.8,2,Inspection,1,0.675,290.7,High
REC0117,AF-117,Cargo-B,5194.2,2534,98.0,38.5,332.5,6.18,8471,2778.6,27.21,40.0,13.1,116,15,4,76.8,84.5,10,Routine,1,0.976,20.0,Critical
REC0046,AF-146,Trainer-Z,1709.7,914,89.5,43.6,321.8,4.34,8266,3005.0,27.92,36.5,6.5,75,2,1,45.1,87.9,1,Inspection,1,0.348,344.7,Medium
REC0017,AF-117,Transport-Y,2594.3,1359,90.0,49.5,318.9,3.85,8268,2931.2,27.71,24.2,9.6,53,6,0,45.4,88.9,0,Routine,0,0.195,368.7,Normal
REC0463,AF-113,Cargo-B,3119.7,1712,91.6,45.8,318.5,5.29,8254,2947.0,27.7,34.0,7.7,45,5,3,51.9,87.7,4,Inspection,0,0.603,247.8,High
REC0358,AF-108,Cargo-B,2901.2,1561,84.2,43.2,312.8,5.06,8157,2982.5,27.92,32.8,9.3,23,12,3,47.8,85.1,3,Routine,0,0.508,269.0,High
REC0004,AF-104,Transport-Y,1983.1,1104,87.7,40.3,326.8,3.84,8250,2942.8,27.51,27.9,6.8,66,7,2,40.7,88.9,4,Inspection,0,0.564,314.7,High
REC0219,AF-119,Fighter-X,1626.5,732,85.1,50.7,298.6,3.28,7925,3063.6,27.8,19.9,5.9,76,4,2,30.4,94.7,2,Inspection,0,0.216,393.3,Normal
REC0406,AF-106,Fighter-X,2270.1,1168,74.8,48.0,274.9,3.97,8502,2924.8,27.72,24.7,8.1,59,3,0,42.7,90.6,1,Inspection,0,0.19,319.5,Normal
REC0061,AF-111,Cargo-B,1571.0,757,87.2,46.9,290.1,2.8,8070,3033.8,27.87,40.4,4.2,69,1,0,30.5,91.9,2,Routine,0,0.161,482.3,Normal
REC0111,AF-111,Cargo-B,1300.5,603,79.6,46.6,300.3,2.67,7956,3155.0,27.77,25.2,3.1,74,4,0,23.6,93.8,4,Routine,0,0.137,437.0,Normal
REC0319,AF-119,Fighter-X,1557.8,835,94.5,48.9,301.8,3.67,8087,2963.4,27.55,42.0,6.1,55,6,2,30.5,88.9,2,Inspection,1,0.275,438.9,Medium
REC0429,AF-129,Transport-Y,2711.6,1325,89.6,46.6,309.9,3.96,8061,2943.2,27.58,37.8,10.1,32,5,2,46.8,86.9,3,Routine,0,0.369,277.4,Medium
REC0030,AF-130,Trainer-Z,3887.6,1951,80.2,43.4,346.4,4.59,8359,2988.6,27.45,28.1,9.6,113,8,1,57.2,84.3,1,Routine,1,0.537,233.1,High
REC0438,AF-138,MultiRole-A,3922.6,1830,92.5,41.3,345.4,5.81,8370,2894.6,27.02,28.5,9.2,53,11,4,63.6,87.0,5,Overhaul,1,0.906,114.2,Critical
REC0472,AF-122,MultiRole-A,2983.8,1671,86.5,46.0,337.4,3.98,8123,3082.2,27.07,20.4,10.3,31,3,1,49.3,88.4,1,Routine,0,0.264,314.8,Medium
REC0027,AF-127,MultiRole-A,3532.0,1789,94.6,44.3,317.9,4.09,8251,2965.5,27.34,35.8,10.6,25,10,1,53.4,86.5,2,Routine,0,0.488,288.5,Medium
REC0008,AF-108,Fighter-X,2520.8,1195,91.3,49.2,295.7,4.12,7926,2888.2,27.87,21.5,8.9,29,5,0,43.5,91.8,2,Routine,0,0.263,328.5,Medium
REC0454,AF-104,MultiRole-A,2748.5,1279,93.7,42.6,329.0,3.94,8384,2986.2,27.23,24.6,8.5,25,7,0,53.2,86.4,1,Corrective,0,0.39,328.5,Medium
REC0109,AF-109,Transport-Y,1480.2,725,91.4,50.8,306.8,2.56,8350,2947.8,28.06,28.1,4.5,57,4,1,29.0,95.3,1,Corrective,0,0.158,402.2,Normal
REC0038,AF-138,Cargo-B,2037.4,1108,80.7,44.7,319.9,3.41,8205,2948.7,28.07,23.6,5.4,5,1,2,31.3,91.3,3,Routine,0,0.224,385.1,Normal
REC0158,AF-108,Trainer-Z,300.0,150,84.3,47.7,297.4,2.76,8610,3071.9,27.94,28.5,1.0,78,3,1,17.8,93.7,1,Routine,0,0.133,466.6,Normal
REC0490,AF-140,Cargo-B,1678.8,778,85.9,46.3,317.0,4.12,8169,2940.4,27.59,38.6,6.5,70,4,3,38.9,90.2,4,Routine,0,0.405,297.7,Medium
REC0119,AF-119,Cargo-B,3831.2,2021,93.0,43.7,332.3,5.06,8549,2922.3,27.95,29.2,9.1,108,12,1,59.4,88.3,1,Overhaul,0,0.677,208.9,High
REC0115,AF-115,Transport-Y,1619.3,784,83.1,46.6,274.3,4.26,8252,2987.0,28.1,21.2,4.0,87,6,1,29.4,96.3,1,Routine,1,0.271,328.3,Medium
REC0176,AF-126,Fighter-X,2257.0,1265,86.5,36.7,332.6,4.74,8107,2980.9,27.5,29.3,4.8,5,4,3,46.9,90.8,3,Routine,1,0.757,288.3,Critical
REC0374,AF-124,Cargo-B,1895.6,1087,93.6,42.5,310.8,4.22,8407,2946.9,27.63,22.2,4.6,27,3,1,52.5,86.2,1,Routine,0,0.47,318.7,Medium
REC0182,AF-132,Transport-Y,1646.6,930,85.4,42.3,330.2,3.63,8023,3106.5,27.4,28.5,4.9,61,2,0,41.1,87.5,0,Inspection,1,0.211,384.2,Normal
REC0145,AF-145,Fighter-X,3269.2,1510,82.6,42.8,322.0,4.68,8219,2999.8,28.03,42.4,11.2,119,8,2,44.8,89.6,2,Inspection,0,0.565,237.1,High
REC0370,AF-120,Cargo-B,2898.3,1416,85.9,42.7,291.5,4.4,8331,2948.3,27.4,42.8,6.4,64,5,3,53.8,85.8,3,Routine,0,0.574,194.2,High
REC0391,AF-141,Trainer-Z,3145.6,1855,96.5,38.1,323.6,4.99,8112,2758.3,27.81,26.0,12.6,29,7,3,60.4,86.7,4,Routine,1,0.88,120.9,Critical
REC0196,AF-146,Cargo-B,2166.7,1200,94.2,49.0,306.8,4.31,8559,2829.7,27.85,37.7,6.9,34,6,1,46.8,85.0,3,Inspection,0,0.425,302.1,Medium
REC0405,AF-105,MultiRole-A,1158.0,573,84.7,47.9,269.4,4.12,8017,3083.5,28.27,32.0,4.1,68,5,2,29.6,92.9,2,Corrective,0,0.256,369.5,Medium
REC0276,AF-126,MultiRole-A,1730.8,972,88.6,48.0,280.6,2.75,8581,3109.3,28.01,33.7,4.3,37,6,0,31.4,94.3,0,Corrective,0,0.142,460.9,Normal
REC0455,AF-105,Fighter-X,2020.0,1131,89.6,44.1,300.5,3.35,8265,3000.6,27.69,22.1,4.9,84,5,1,38.4,93.1,1,Routine,0,0.244,355.2,Normal
REC0142,AF-142,Fighter-X,1805.6,823,86.8,45.8,270.9,3.44,8128,3041.1,27.57,37.0,6.6,52,3,1,31.6,93.5,2,Routine,0,0.173,402.3,Normal
REC0366,AF-116,Cargo-B,798.5,465,78.4,45.5,277.4,2.51,8005,3106.2,28.0,30.6,2.7,67,2,2,18.2,93.8,3,Corrective,1,0.164,422.9,Normal
REC0068,AF-118,Cargo-B,2639.9,1351,87.2,46.9,334.7,4.28,8661,3067.8,27.98,47.9,7.7,34,8,0,39.7,91.2,0,Overhaul,0,0.181,419.2,Normal
REC0211,AF-111,Transport-Y,2872.5,1564,86.3,48.2,306.7,3.44,7869,3011.3,27.86,44.7,8.1,22,6,0,39.7,84.8,0,Inspection,0,0.164,360.7,Normal
REC0169,AF-119,Trainer-Z,746.6,420,80.7,47.4,278.6,3.67,8183,3021.0,27.32,20.6,3.4,5,3,4,27.7,92.8,4,Routine,1,0.379,365.9,Medium
REC0494,AF-144,Trainer-Z,1100.0,612,87.8,47.4,297.2,3.62,8287,3009.6,27.37,34.5,4.1,92,4,1,37.9,89.0,1,Routine,0,0.256,347.4,Medium
REC0376,AF-126,MultiRole-A,3659.9,1961,85.7,41.0,322.0,5.36,8374,2947.1,27.22,25.5,10.5,64,7,2,58.1,84.8,2,Routine,1,0.641,213.5,High
REC0401,AF-101,Transport-Y,1779.6,1004,88.4,46.7,302.4,4.57,8446,3002.0,28.19,30.7,4.6,56,3,1,37.4,92.2,2,Routine,1,0.242,376.7,Normal
REC0273,AF-123,Fighter-X,2873.5,1562,92.3,42.3,313.4,4.29,8282,3027.1,27.75,18.9,10.5,19,5,2,47.5,86.8,3,Routine,0,0.547,307.6,High
REC0110,AF-110,Transport-Y,2385.3,1324,87.1,45.9,311.9,3.71,8130,2979.7,27.27,33.5,6.4,53,4,2,43.7,88.4,2,Routine,0,0.331,358.4,Medium
REC0249,AF-149,Trainer-Z,1643.2,956,94.2,48.3,260.8,3.3,8155,3071.1,27.86,37.7,5.4,112,4,1,31.2,92.6,1,Corrective,1,0.359,345.1,Medium
REC0146,AF-146,MultiRole-A,2088.3,971,82.5,47.2,318.8,3.35,8339,3059.2,27.87,26.3,4.7,86,4,4,33.2,89.4,5,Overhaul,1,0.433,324.1,Medium
REC0093,AF-143,MultiRole-A,1783.6,878,89.8,43.7,294.4,3.16,8431,2954.9,27.98,30.1,4.8,60,3,2,33.5,90.3,2,Routine,0,0.255,386.5,Medium
REC0153,AF-103,Trainer-Z,2375.0,1275,87.5,44.7,273.4,4.01,8218,3060.7,27.81,34.7,6.8,42,4,1,36.6,93.5,1,Routine,0,0.239,382.3,Normal
REC0368,AF-118,Cargo-B,2164.5,1128,86.1,45.7,315.3,3.38,8700,3093.2,27.91,35.9,8.1,36,6,1,32.9,91.8,2,Routine,0,0.131,378.6,Normal
REC0468,AF-118,Trainer-Z,5479.8,3156,94.0,40.5,358.3,6.23,8452,2687.5,27.5,26.3,12.7,71,11,4,82.3,85.7,9,Routine,1,0.966,20.0,Critical
REC0084,AF-134,Transport-Y,2946.0,1485,87.9,44.5,297.9,3.98,7693,2978.0,27.73,30.8,7.5,81,7,2,42.5,87.4,2,Corrective,0,0.383,340.0,Medium
REC0246,AF-146,Fighter-X,1646.4,824,84.5,41.7,297.3,3.18,7852,2934.4,28.05,34.5,4.4,45,1,2,31.5,91.5,3,Corrective,1,0.367,378.2,Medium
REC0166,AF-116,Trainer-Z,1221.9,696,84.5,45.3,308.8,4.56,8184,2953.0,27.97,36.1,3.9,10,4,5,44.4,89.0,5,Inspection,0,0.597,215.9,High
REC0164,AF-114,MultiRole-A,3947.7,2186,97.1,41.2,288.8,4.19,8364,2898.6,27.76,30.3,10.0,45,6,3,49.3,86.9,4,Routine,1,0.782,256.5,Critical
REC0200,AF-150,MultiRole-A,3510.7,1743,90.5,41.1,287.6,4.76,8057,2775.0,27.63,22.1,9.3,5,7,3,52.1,86.5,4,Routine,1,0.721,219.6,High
REC0229,AF-129,Trainer-Z,1995.2,1029,88.1,40.7,283.2,4.21,8059,2960.1,27.27,35.2,7.0,67,5,2,37.9,87.9,4,Inspection,1,0.552,319.7,High
REC0075,AF-125,Trainer-Z,3501.9,1909,96.0,41.8,314.2,4.82,8313,2855.2,27.54,34.6,9.8,48,8,1,61.6,87.2,1,Inspection,1,0.711,220.0,High
REC0479,AF-129,MultiRole-A,3185.4,1661,85.1,35.6,329.7,5.96,7797,2808.8,27.17,24.9,7.8,132,5,5,62.0,84.2,6,Inspection,1,0.98,20.0,Critical
REC0359,AF-109,Trainer-Z,2174.7,1132,91.5,45.3,318.2,3.96,8095,3023.8,27.77,21.8,6.4,38,1,1,43.1,90.5,2,Corrective,1,0.287,337.2,Medium
REC0251,AF-101,Fighter-X,3297.7,1657,87.9,44.7,321.3,4.6,8020,3034.4,27.66,20.3,8.3,31,6,2,54.5,89.7,2,Overhaul,1,0.392,248.2,Medium
REC0120,AF-120,Cargo-B,1329.2,646,90.0,45.9,311.8,3.85,8298,2935.3,27.83,26.6,4.5,49,5,1,32.8,91.3,2,Corrective,0,0.193,372.3,Normal
REC0311,AF-111,Transport-Y,1717.2,827,76.9,43.5,323.0,3.19,8004,3164.1,27.66,31.2,4.4,39,1,2,27.2,93.7,2,Routine,0,0.227,382.6,Normal
REC0300,AF-150,Fighter-X,1091.5,649,83.7,44.8,290.9,3.3,7696,3042.4,27.78,38.1,3.1,38,6,1,29.7,89.0,2,Inspection,1,0.216,405.5,Normal
REC0256,AF-106,Fighter-X,3184.8,1493,94.3,44.6,316.0,4.61,8314,3020.5,27.08,19.8,8.0,38,7,3,52.8,86.6,4,Routine,1,0.685,195.3,High
REC0355,AF-105,Cargo-B,2019.7,972,88.9,43.8,299.1,4.2,8204,2900.4,27.55,28.8,7.4,26,7,2,44.5,89.6,4,Overhaul,0,0.454,273.8,Medium
REC0400,AF-150,Cargo-B,3609.1,2039,95.2,43.8,331.7,3.52,8507,2912.5,27.67,44.2,7.9,30,8,0,51.5,87.4,0,Routine,0,0.36,374.3,Medium
REC0226,AF-126,Cargo-B,3498.3,1589,88.7,49.2,300.7,3.49,8186,2982.4,27.57,15.0,8.7,76,13,1,48.6,85.6,1,Inspection,0,0.283,287.1,Medium
REC0354,AF-104,MultiRole-A,3622.2,1789,92.5,40.4,323.6,5.18,8473,2838.3,27.24,30.4,8.0,22,7,3,61.0,84.9,4,Corrective,1,0.779,169.1,Critical
REC0235,AF-135,Transport-Y,2118.3,1134,80.7,43.6,295.9,4.66,8083,3024.1,27.57,25.9,6.4,33,4,2,45.4,87.9,4,Inspection,0,0.452,305.5,Medium
REC0383,AF-133,MultiRole-A,2441.4,1431,83.9,46.9,301.4,3.76,7711,3078.9,27.56,32.3,9.5,37,5,0,44.6,85.4,0,Routine,0,0.161,391.2,Normal
REC0275,AF-125,Transport-Y,3763.1,1962,93.6,42.7,331.3,5.9,8581,2924.4,28.01,37.1,9.5,40,8,3,70.8,85.0,9,Inspection,1,0.981,73.1,Critical
REC0037,AF-137,Fighter-X,3225.0,1467,85.7,45.8,317.9,4.73,8207,2808.7,27.45,33.5,7.8,47,7,5,49.1,90.3,7,Inspection,0,0.704,201.7,High
REC0197,AF-147,Fighter-X,1963.3,937,88.9,48.2,314.3,3.22,8221,3039.2,28.26,32.2,6.9,25,2,1,33.8,93.2,1,Routine,0,0.15,407.0,Normal
REC0140,AF-140,Fighter-X,2663.7,1531,82.2,44.8,308.6,3.47,8360,2981.6,27.42,38.5,9.3,95,5,2,47.1,91.1,5,Overhaul,1,0.48,269.6,Medium
REC0365,AF-115,MultiRole-A,2535.0,1299,84.3,50.6,293.1,3.99,8345,3150.8,27.42,30.6,9.3,50,1,1,32.9,88.6,2,Corrective,0,0.215,380.0,Normal
REC0245,AF-145,Trainer-Z,3433.7,1661,92.3,43.0,321.8,4.41,8238,2842.0,27.27,19.7,13.5,60,7,0,59.8,82.9,0,Inspection,0,0.413,291.8,Medium
REC0440,AF-140,MultiRole-A,2960.5,1368,87.2,44.4,286.6,4.73,8138,3008.6,27.78,36.9,9.3,5,4,2,50.5,88.4,2,Inspection,0,0.43,273.7,Medium
REC0287,AF-137,Trainer-Z,1117.8,555,80.0,48.2,300.8,3.39,8370,2994.9,27.7,37.9,3.4,31,1,2,37.4,92.9,3,Inspection,0,0.298,365.1,Medium
REC0060,AF-110,Trainer-Z,2777.1,1283,91.0,41.6,323.5,4.69,8220,2788.6,27.49,27.9,8.7,23,7,4,69.5,84.2,8,Inspection,1,0.885,33.5,Critical
REC0112,AF-112,Transport-Y,4574.5,2416,99.0,42.3,345.2,6.72,8023,2768.8,26.91,28.1,11.3,47,14,2,73.8,79.2,7,Routine,1,0.934,89.7,Critical
REC0090,AF-140,Trainer-Z,2444.2,1329,83.8,47.0,315.0,4.48,8288,3017.7,27.56,20.3,6.6,41,4,3,40.1,90.8,5,Corrective,0,0.488,287.1,Medium
REC0437,AF-137,MultiRole-A,2710.8,1529,97.6,44.9,304.6,3.87,7989,2875.5,27.68,44.3,10.1,90,3,2,41.9,92.6,2,Routine,1,0.545,284.8,High
REC0007,AF-107,Transport-Y,2023.2,1106,88.9,43.8,274.1,3.48,8476,3023.5,27.87,27.7,7.0,109,3,1,33.2,92.9,1,Overhaul,0,0.325,343.4,Medium
REC0361,AF-111,MultiRole-A,2843.9,1470,88.9,43.9,316.5,4.12,8357,2993.1,27.4,33.1,9.1,65,2,1,37.5,92.5,2,Overhaul,0,0.287,321.8,Medium
REC0347,AF-147,Transport-Y,1991.2,981,90.5,47.4,292.6,4.88,8365,2927.4,27.62,23.3,5.1,53,4,2,37.9,89.1,2,Routine,1,0.408,351.1,Medium
REC0339,AF-139,MultiRole-A,2424.6,1151,86.2,45.8,286.6,3.75,8154,2999.7,28.09,23.5,8.5,5,6,1,46.3,94.3,3,Routine,0,0.317,310.8,Medium
REC0159,AF-109,Trainer-Z,1885.7,964,90.6,45.1,306.5,4.38,8079,2876.0,27.08,32.0,5.5,36,4,2,47.4,90.7,4,Inspection,1,0.419,311.1,Medium
REC0151,AF-101,MultiRole-A,3573.7,1630,89.8,47.7,286.6,5.31,7952,2974.4,27.44,39.6,9.0,84,6,4,55.3,86.6,6,Routine,1,0.724,184.0,High
REC0178,AF-128,MultiRole-A,1118.1,503,90.8,48.7,317.3,3.43,8247,2915.6,27.71,40.7,3.9,71,5,1,33.6,89.7,2,Corrective,0,0.213,322.8,Normal
REC0394,AF-144,Fighter-X,2235.7,1226,87.8,48.5,325.2,5.13,8331,2965.8,27.28,29.4,6.2,50,7,2,47.8,86.5,2,Inspection,1,0.413,299.0,Medium
REC0185,AF-135,MultiRole-A,1649.4,932,91.1,46.3,289.2,4.22,8066,3073.0,27.67,28.4,5.8,56,3,0,42.0,90.0,0,Inspection,0,0.23,395.9,Normal
REC0450,AF-150,Transport-Y,3719.4,2029,94.3,39.7,329.6,5.44,8210,2805.9,27.34,36.3,8.9,70,10,3,65.8,84.7,7,Overhaul,1,0.932,112.5,Critical
REC0011,AF-111,Cargo-B,1897.0,1008,86.9,44.8,286.4,2.85,8318,3029.9,27.82,37.6,5.5,57,3,0,32.2,90.3,1,Corrective,0,0.078,440.0,Normal
REC0381,AF-131,MultiRole-A,3499.4,1856,93.5,38.3,296.5,5.58,8298,2919.8,28.18,22.5,8.1,22,6,4,56.9,89.0,5,Routine,1,0.871,127.8,Critical
REC0104,AF-104,Trainer-Z,1369.0,663,85.5,45.6,298.1,4.6,8102,3066.4,28.11,23.1,4.8,14,5,3,43.6,91.2,3,Inspection,1,0.466,290.9,Medium
REC0082,AF-132,Trainer-Z,1573.9,852,88.8,53.3,292.0,3.75,8114,2970.1,27.5,26.0,6.3,5,4,0,39.6,90.6,0,Inspection,0,0.186,396.9,Normal
REC0039,AF-139,Cargo-B,2845.7,1499,87.9,43.9,323.5,4.72,8347,2794.4,27.87,26.0,7.5,34,6,2,59.4,89.7,2,Routine,0,0.481,246.5,Medium
REC0315,AF-115,Trainer-Z,1044.9,497,85.3,53.1,287.5,3.2,8286,2975.1,27.76,30.0,3.3,73,1,1,25.3,91.5,1,Corrective,0,0.099,469.6,Normal
REC0168,AF-118,Cargo-B,947.0,503,81.3,47.0,271.3,3.39,8003,3150.4,28.2,37.3,3.9,8,1,2,29.0,91.4,2,Overhaul,0,0.215,425.4,Normal
REC0470,AF-120,Transport-Y,1802.1,928,86.9,44.2,286.1,3.77,7842,3045.7,27.52,30.9,7.4,64,1,2,35.6,92.0,3,Routine,0,0.301,340.0,Medium
REC0297,AF-147,Trainer-Z,2129.7,1219,94.6,44.6,302.6,3.08,8251,2957.9,27.57,25.1,8.7,104,3,3,44.5,90.7,5,Routine,0,0.649,245.5,High
REC0475,AF-125,Cargo-B,1510.3,721,82.7,44.3,306.5,4.51,8340,2865.2,27.59,31.4,6.2,12,5,3,35.5,94.4,5,Inspection,1,0.442,312.3,Medium
REC0199,AF-149,Trainer-Z,2414.6,1353,92.8,46.4,312.6,4.18,8265,2989.6,27.54,36.6,8.5,97,3,2,52.3,86.8,4,Corrective,1,0.602,205.5,High
REC0298,AF-148,Trainer-Z,1665.1,941,90.6,44.4,287.4,3.16,8031,2871.2,26.95,33.9,5.7,98,6,0,36.4,93.1,0,Routine,1,0.203,382.4,Normal
REC0417,AF-117,Trainer-Z,4486.6,2561,91.1,39.9,332.8,5.16,8472,2773.3,27.28,28.4,10.3,95,9,1,71.1,83.5,3,Routine,0,0.817,184.2,Critical
REC0147,AF-147,Cargo-B,2937.8,1527,83.7,47.0,306.2,4.01,7845,3050.6,27.73,43.4,9.3,43,7,0,39.3,95.9,0,Routine,0,0.173,373.2,Normal
REC0393,AF-143,Trainer-Z,1877.5,1099,89.8,43.5,326.3,4.81,7976,2969.3,27.71,22.1,5.9,95,7,1,46.1,84.8,1,Routine,0,0.455,284.3,Medium
REC0148,AF-148,Cargo-B,2920.0,1376,96.1,44.7,293.1,6.23,7881,2939.2,27.27,22.0,8.9,5,6,6,62.0,86.2,6,Corrective,1,0.929,102.5,Critical
REC0448,AF-148,Fighter-X,2129.9,1018,93.7,45.8,302.4,3.3,7534,3004.6,27.59,35.8,8.2,53,4,2,38.8,90.5,4,Routine,0,0.391,324.2,Medium
REC0288,AF-138,Fighter-X,4714.2,2753,95.6,37.0,315.5,5.5,8495,2880.2,27.33,27.6,14.0,70,11,1,76.2,82.3,2,Routine,1,0.922,134.7,Critical
REC0124,AF-124,Cargo-B,1843.5,875,92.7,42.2,305.1,5.19,8038,2975.7,28.02,41.8,3.8,92,6,2,47.2,90.3,5,Routine,1,0.699,211.7,High
REC0369,AF-119,Trainer-Z,1605.3,826,79.2,47.3,286.7,2.55,8220,3051.2,28.2,21.1,5.6,42,7,2,23.7,90.9,2,Routine,0,0.138,435.4,Normal
REC0097,AF-147,Cargo-B,3480.2,1631,82.4,44.3,330.7,5.12,7851,2947.1,26.92,24.8,7.4,75,11,0,59.6,84.2,0,Overhaul,1,0.375,224.6,Medium
REC0144,AF-144,Fighter-X,1140.6,522,84.3,48.4,309.3,3.14,7792,2932.0,27.94,27.7,3.5,24,6,1,32.8,93.4,2,Overhaul,1,0.192,382.9,Normal
REC0240,AF-140,MultiRole-A,3866.6,1915,93.0,43.2,301.9,4.7,8153,2856.9,27.68,23.1,11.7,74,13,1,64.0,83.7,1,Routine,1,0.566,257.2,High
REC0443,AF-143,Cargo-B,2061.8,975,85.5,47.0,289.0,3.17,8595,3078.5,27.88,20.9,5.5,23,1,1,27.6,98.0,1,Routine,0,0.106,430.9,Normal
REC0098,AF-148,Trainer-Z,1899.6,1127,82.5,47.5,276.1,3.45,8279,3054.7,28.0,25.7,6.5,56,4,0,26.8,94.9,0,Inspection,0,0.082,483.2,Normal
REC0408,AF-108,Transport-Y,3851.4,2171,92.6,44.2,310.8,5.05,8606,2855.0,27.86,39.6,11.3,23,11,3,60.0,85.1,4,Inspection,1,0.682,138.8,High
REC0123,AF-123,Fighter-X,5620.4,3024,96.1,41.3,357.0,5.43,8259,2841.5,27.38,31.1,13.0,37,16,1,82.6,84.7,4,Routine,1,0.925,88.4,Critical
REC0184,AF-134,Fighter-X,1877.5,1107,90.2,46.5,302.9,4.03,8018,3088.7,27.84,24.6,4.8,19,4,5,41.6,87.0,5,Routine,1,0.529,196.8,High
REC0203,AF-103,MultiRole-A,1403.3,735,87.0,44.5,285.2,3.99,8275,2906.9,27.93,34.7,4.5,41,1,3,26.9,92.5,3,Corrective,1,0.28,336.9,Medium
REC0247,AF-147,Trainer-Z,1178.1,565,85.0,50.4,288.7,3.35,8133,2968.8,27.6,25.7,4.7,82,1,0,32.6,90.4,0,Routine,0,0.155,438.0,Normal
REC0306,AF-106,Cargo-B,1602.9,892,84.7,44.0,319.7,4.99,8086,3083.7,28.08,21.9,4.4,26,1,5,39.6,90.6,6,Inspection,1,0.693,225.0,High
REC0299,AF-149,Transport-Y,875.6,492,88.3,50.7,290.3,3.07,8477,3138.4,27.87,37.8,2.3,54,1,2,27.3,94.0,2,Routine,0,0.196,425.3,Normal
REC0352,AF-102,MultiRole-A,5016.0,2665,99.7,40.4,337.1,6.82,8200,2813.5,27.22,33.6,11.7,55,9,1,90.1,78.4,4,Inspection,1,0.974,75.6,Critical
REC0387,AF-137,Transport-Y,3347.0,1801,89.6,43.0,328.0,5.37,8342,2914.8,27.32,24.1,9.1,39,13,3,64.0,85.7,3,Inspection,1,0.708,156.0,High
REC0396,AF-146,Cargo-B,3344.4,1526,95.5,44.5,326.3,5.02,8336,2880.1,27.55,29.2,8.6,14,1,1,61.9,88.5,3,Routine,1,0.672,195.9,High
REC0285,AF-135,MultiRole-A,4832.1,2518,94.6,41.8,361.4,5.56,8047,2874.4,27.27,23.1,14.9,64,13,1,71.6,84.2,4,Corrective,1,0.813,165.7,Critical
REC0126,AF-126,Cargo-B,2949.0,1354,85.5,43.6,282.0,3.2,8108,2932.4,27.52,28.8,6.9,65,8,1,44.1,91.3,1,Routine,1,0.238,345.3,Normal
REC0303,AF-103,Cargo-B,1494.1,893,84.2,46.9,305.1,2.53,7998,2941.1,27.52,18.8,5.8,43,3,1,30.8,91.2,2,Inspection,0,0.166,447.8,Normal
REC0224,AF-124,Transport-Y,3000.0,1767,90.6,47.4,316.0,4.72,8414,2849.5,27.57,33.0,9.9,96,12,2,48.4,90.4,3,Corrective,0,0.515,217.0,High
REC0419,AF-119,Trainer-Z,3883.4,1964,91.8,42.2,295.4,5.36,7801,2926.6,27.4,27.1,8.6,73,12,3,56.2,85.5,4,Routine,1,0.76,202.3,Critical
REC0220,AF-120,MultiRole-A,680.9,403,86.2,47.7,283.9,2.75,7936,2935.8,27.84,36.6,1.0,56,1,0,28.5,88.9,0,Overhaul,0,0.083,470.3,Normal
REC0130,AF-130,MultiRole-A,3399.6,1574,87.4,46.0,331.9,4.37,8267,2992.8,27.58,25.3,10.7,71,8,1,48.9,85.9,1,Routine,1,0.307,283.0,Medium
REC0421,AF-121,Cargo-B,1353.8,750,83.3,45.9,331.7,4.15,7680,2947.0,28.08,24.6,5.7,42,2,4,41.1,92.3,5,Inspection,1,0.481,215.5,Medium
REC0290,AF-140,Cargo-B,4332.0,2218,87.6,41.0,341.0,5.09,8148,2971.2,27.39,15.0,13.4,72,11,2,63.8,87.4,4,Inspection,1,0.747,137.5,High
REC0445,AF-145,Cargo-B,2442.9,1404,81.3,44.0,315.0,3.99,7993,3034.4,27.61,36.8,6.7,76,2,2,46.2,89.2,2,Routine,1,0.392,288.7,Medium
REC0377,AF-127,Fighter-X,1326.0,714,85.7,44.8,290.7,2.84,7662,3196.0,28.09,36.6,3.6,32,5,2,25.9,97.2,4,Routine,0,0.244,408.5,Normal
REC0292,AF-142,Trainer-Z,885.9,415,85.0,47.0,310.6,3.4,8055,3116.1,27.95,25.5,3.1,72,1,4,30.7,91.6,4,Inspection,1,0.381,321.2,Medium
REC0356,AF-106,Cargo-B,2592.5,1175,90.9,41.0,310.9,5.08,8160,2902.1,27.55,28.1,9.8,14,6,3,53.0,86.5,3,Corrective,1,0.7,253.1,High
REC0295,AF-145,Transport-Y,2560.2,1250,97.5,48.0,304.7,2.69,7886,3051.0,27.77,37.0,6.5,42,6,1,30.0,93.5,2,Corrective,0,0.282,396.7,Medium
REC0397,AF-147,Trainer-Z,2165.2,1028,91.7,36.7,312.6,4.36,8241,2973.3,27.53,35.7,6.7,24,6,5,54.2,86.8,6,Routine,1,0.89,159.8,Critical
REC0341,AF-141,Transport-Y,2487.3,1214,80.9,45.2,304.8,5.03,8079,2982.1,27.52,42.1,6.0,84,6,2,44.9,88.4,2,Routine,0,0.458,237.4,Medium
REC0113,AF-113,Fighter-X,1793.8,942,81.6,49.7,308.2,2.98,8076,3043.6,27.97,40.1,5.8,54,6,0,31.0,93.7,0,Routine,0,0.083,422.7,Normal
REC0180,AF-130,Trainer-Z,2640.0,1425,92.2,47.3,300.2,4.55,8279,2902.6,27.34,40.6,7.9,5,9,5,60.4,86.9,5,Inspection,1,0.774,129.9,Critical
REC0308,AF-108,Transport-Y,2122.6,1080,84.3,46.4,294.2,3.77,7958,3036.6,27.32,33.6,6.6,22,3,1,33.1,86.6,3,Overhaul,0,0.262,386.7,Medium
REC0433,AF-133,Trainer-Z,4819.5,2366,91.5,44.5,314.9,5.41,8347,2761.4,27.43,42.1,13.0,70,10,2,63.8,85.2,3,Routine,1,0.642,158.5,High
REC0488,AF-138,Trainer-Z,1911.9,865,86.2,45.0,315.5,4.07,7929,3024.9,27.68,30.0,5.6,49,1,3,37.0,93.8,4,Inspection,0,0.309,349.3,Medium
REC0482,AF-132,Fighter-X,3139.3,1833,90.7,48.7,301.9,4.32,8700,3000.2,27.36,22.2,8.7,45,10,0,45.6,88.5,1,Routine,0,0.238,294.6,Normal
REC0423,AF-123,Cargo-B,2992.2,1650,92.6,37.2,307.9,5.53,8308,2875.9,27.13,33.4,7.4,72,11,5,64.1,84.4,5,Corrective,1,0.932,94.4,Critical
REC0234,AF-134,MultiRole-A,2614.7,1179,87.3,43.5,310.5,3.3,7908,3116.5,27.42,22.1,7.8,104,3,0,38.0,86.7,1,Routine,0,0.278,353.6,Medium
REC0312,AF-112,Fighter-X,1674.0,887,85.3,42.7,300.9,3.13,8363,2976.4,27.88,29.2,4.4,13,5,2,36.2,91.0,3,Routine,0,0.347,360.7,Medium
REC0165,AF-115,Trainer-Z,2692.0,1363,87.2,47.1,308.8,3.87,8049,3026.9,27.85,22.2,6.0,29,6,0,38.5,88.6,2,Routine,0,0.265,375.6,Medium
REC0137,AF-137,MultiRole-A,2550.0,1462,82.8,47.4,294.1,4.2,8037,3081.3,27.31,15.0,8.5,43,1,2,35.6,90.1,3,Corrective,0,0.314,352.3,Medium
REC0198,AF-148,Fighter-X,1711.8,845,83.5,46.3,306.9,3.92,8244,3076.8,27.67,37.4,5.0,27,4,1,35.9,89.6,1,Routine,0,0.205,398.3,Normal
REC0259,AF-109,MultiRole-A,1631.3,953,76.7,49.4,299.8,4.03,8004,3089.9,28.18,29.5,5.4,76,3,0,28.5,91.8,1,Routine,0,0.132,425.4,Normal
REC0233,AF-133,MultiRole-A,1599.5,909,89.5,46.1,309.1,4.9,7942,2958.0,27.54,28.5,5.7,40,6,3,36.9,90.6,4,Routine,1,0.438,267.1,Medium
REC0116,AF-116,Fighter-X,3055.3,1604,84.8,44.4,319.8,3.49,8327,2951.3,27.69,31.8,10.3,87,8,1,43.4,86.4,1,Corrective,1,0.279,315.5,Medium
REC0121,AF-121,Transport-Y,1560.4,764,84.3,46.8,286.5,3.14,8266,3033.3,27.54,40.0,4.0,76,4,2,28.9,94.5,4,Routine,0,0.287,374.8,Medium
REC0350,AF-150,Transport-Y,2157.9,1040,86.5,48.3,329.6,4.61,8364,3038.0,27.42,26.3,6.7,26,6,4,41.7,91.4,6,Inspection,1,0.556,231.5,High
REC0225,AF-125,Fighter-X,2833.0,1649,87.7,37.4,341.7,4.34,7846,2906.1,27.58,29.4,6.6,40,7,2,60.0,81.6,3,Corrective,1,0.76,220.2,Critical
REC0403,AF-103,Trainer-Z,4141.6,2137,91.3,40.6,380.0,5.45,8330,2912.4,27.27,28.0,12.6,36,14,3,75.0,85.1,7,Routine,1,0.916,62.1,Critical
REC0398,AF-148,Cargo-B,1234.9,688,88.7,42.7,303.1,4.07,8342,3043.9,28.14,15.7,3.8,85,3,4,33.1,89.8,4,Inspection,0,0.562,329.7,High
REC0128,AF-128,Fighter-X,491.6,225,81.9,43.7,250.8,4.75,8135,2895.6,27.66,31.0,1.3,43,4,4,36.1,92.9,5,Routine,0,0.55,225.7,High
REC0286,AF-136,Fighter-X,2346.9,1067,92.8,46.3,319.2,3.97,8329,2884.9,27.57,36.4,6.7,39,5,3,46.1,85.9,5,Routine,0,0.556,267.8,High
REC0412,AF-112,MultiRole-A,2626.7,1234,92.0,41.2,322.8,4.05,8466,2997.5,27.8,26.0,10.8,42,6,0,55.7,82.7,1,Corrective,0,0.414,277.0,Medium
REC0108,AF-108,Cargo-B,1115.2,564,85.7,44.6,283.7,3.49,7742,2989.5,28.1,26.5,3.7,95,5,1,39.5,88.9,2,Routine,0,0.276,293.0,Medium
REC0371,AF-121,MultiRole-A,3083.0,1428,91.5,41.0,316.1,4.86,7994,2973.3,27.72,27.3,8.2,35,7,1,56.7,86.6,2,Inspection,1,0.643,275.1,High
REC0326,AF-126,Transport-Y,4614.8,2434,90.8,43.9,328.0,4.27,8300,2748.4,27.47,25.7,11.0,57,8,4,67.6,85.4,8,Routine,1,0.752,107.0,Critical
REC0134,AF-134,Fighter-X,1677.2,867,81.5,38.3,294.6,4.84,8321,3011.4,27.49,22.2,3.7,5,3,6,48.4,87.3,6,Inspection,1,0.91,166.9,Critical
REC0453,AF-103,Fighter-X,3739.3,2063,88.0,39.4,334.7,4.05,7983,2950.0,27.76,27.3,11.5,44,5,2,50.8,84.8,3,Routine,1,0.565,254.7,High
REC0045,AF-145,Fighter-X,1636.8,832,85.5,43.2,293.4,4.25,8366,3020.0,27.88,29.7,6.2,81,1,3,31.4,87.6,3,Routine,1,0.44,326.0,Medium
REC0461,AF-111,Fighter-X,1026.7,531,81.4,46.0,271.8,3.34,8445,3018.5,27.93,37.4,2.7,25,2,1,28.5,92.1,2,Inspection,0,0.211,419.8,Normal
REC0066,AF-116,Transport-Y,3533.1,1937,93.7,45.3,323.7,4.56,7808,2972.2,28.12,29.4,8.5,56,10,1,54.4,89.3,2,Routine,0,0.498,288.8,Medium
REC0284,AF-134,Fighter-X,2555.1,1338,86.3,44.4,292.7,4.06,8388,3027.8,27.89,32.5,7.9,5,7,0,37.4,91.8,1,Routine,0,0.189,380.2,Normal
REC0086,AF-136,Fighter-X,1734.1,861,84.0,46.5,290.4,3.69,8149,3009.2,27.8,33.0,5.3,99,1,2,31.7,90.9,2,Routine,1,0.26,340.5,Medium
REC0243,AF-143,Fighter-X,3897.2,2224,86.9,42.8,314.6,4.35,8195,2889.3,26.91,16.3,8.8,61,10,1,56.6,84.1,3,Corrective,0,0.463,225.7,Medium
REC0187,AF-137,Transport-Y,3082.6,1457,92.7,40.9,335.5,5.2,8276,2892.8,27.62,38.9,7.4,117,5,3,61.3,89.0,5,Corrective,1,0.837,104.8,Critical
REC0384,AF-134,Transport-Y,2708.3,1297,93.7,49.4,304.0,4.53,8276,2922.6,27.82,28.5,6.1,49,9,1,37.5,90.2,3,Routine,0,0.366,325.6,Medium
REC0160,AF-110,Transport-Y,1893.5,989,84.0,44.6,292.7,5.13,8026,2948.1,27.69,20.5,5.3,5,6,1,55.3,90.5,3,Routine,0,0.438,245.9,Medium
REC0013,AF-113,Transport-Y,2266.5,1078,93.3,44.3,316.7,3.94,8292,2892.1,27.6,19.9,6.9,5,8,1,51.4,86.9,3,Overhaul,0,0.434,339.3,Medium
REC0036,AF-136,Trainer-Z,4341.2,2113,95.1,43.4,337.2,5.17,8339,2987.5,27.41,28.4,12.9,89,10,2,56.4,88.0,2,Routine,0,0.722,219.9,High
REC0029,AF-129,Fighter-X,2519.4,1355,100.7,38.4,327.2,5.5,8168,2948.1,26.98,39.4,9.0,56,5,6,66.3,87.8,7,Inspection,1,0.99,50.8,Critical
REC0171,AF-121,Cargo-B,2214.6,1135,81.0,46.3,283.5,2.96,8219,3039.7,27.94,22.6,7.7,51,1,0,31.6,90.7,1,Inspection,0,0.122,441.7,Normal
REC0143,AF-143,Trainer-Z,4325.7,2092,93.4,39.5,339.8,4.69,8036,2689.2,27.42,24.6,10.6,23,11,2,70.2,81.6,6,Inspection,0,0.865,116.3,Critical
REC0399,AF-149,Trainer-Z,3590.0,1728,93.7,42.5,326.5,4.9,7647,2938.4,27.24,21.5,9.9,5,13,5,59.2,83.8,6,Corrective,1,0.843,114.6,Critical
REC0343,AF-143,Trainer-Z,1259.8,703,86.8,46.2,335.2,3.98,8446,2915.7,27.4,29.3,3.5,21,1,3,40.9,90.6,3,Inspection,1,0.351,252.1,Medium
REC0222,AF-122,Cargo-B,1843.8,940,87.4,49.7,299.2,2.95,7856,2968.0,27.72,27.4,7.0,76,5,1,29.6,94.7,3,Corrective,0,0.2,365.7,Normal
REC0096,AF-146,Trainer-Z,2013.7,923,82.9,41.0,292.6,3.44,7539,3033.9,28.0,22.1,6.0,59,2,1,27.9,92.3,2,Inspection,0,0.319,399.9,Medium
REC0052,AF-102,Fighter-X,2788.9,1527,93.3,43.3,319.3,5.2,8534,2903.9,27.43,21.4,8.9,46,9,4,60.7,85.9,4,Routine,1,0.742,122.0,High
REC0241,AF-141,Trainer-Z,1483.0,687,89.9,46.5,293.0,3.78,8152,3013.2,27.88,21.6,4.6,103,2,2,36.2,87.3,2,Overhaul,1,0.375,318.8,Medium
REC0485,AF-135,Fighter-X,2230.3,1104,91.6,48.9,302.2,4.71,8205,2917.8,28.02,32.3,6.5,7,3,3,42.9,89.8,3,Routine,0,0.454,314.4,Medium
REC0379,AF-129,Trainer-Z,300.0,161,88.4,46.1,287.7,4.25,8449,3084.1,28.03,33.2,1.0,55,1,3,29.2,91.6,6,Corrective,0,0.422,349.6,Medium
REC0179,AF-129,MultiRole-A,2568.4,1189,85.8,46.2,315.9,4.41,7701,3015.1,27.79,42.9,5.8,67,4,1,46.8,88.5,3,Corrective,0,0.349,303.1,Medium
REC0042,AF-142,Trainer-Z,2743.8,1495,85.3,46.3,298.4,3.83,8022,2857.6,27.95,36.8,8.6,61,4,2,35.7,93.0,2,Corrective,0,0.22,303.5,Normal
REC0499,AF-149,Transport-Y,2700.2,1285,93.4,44.0,327.7,3.68,8280,3000.0,27.89,38.3,7.9,40,6,1,48.3,87.9,1,Routine,0,0.335,323.1,Medium
REC0422,AF-122,Cargo-B,1479.1,675,96.5,44.3,302.8,4.46,7928,2847.3,27.31,30.2,5.7,19,4,3,46.1,90.3,3,Routine,0,0.596,254.3,High
REC0207,AF-107,MultiRole-A,1773.4,1054,88.6,45.6,279.4,2.96,8092,3143.9,27.68,27.9,4.9,55,6,1,31.8,93.3,1,Routine,0,0.165,423.7,Normal
REC0283,AF-133,Trainer-Z,2724.4,1562,89.1,36.4,292.4,4.86,8381,2908.9,27.57,30.1,10.0,22,3,1,56.3,88.7,1,Inspection,1,0.72,255.1,High
REC0255,AF-105,Trainer-Z,1085.5,636,84.9,39.4,307.8,3.69,8074,2981.3,27.67,30.7,3.2,40,2,2,37.6,86.9,3,Corrective,0,0.551,338.4,High
REC0413,AF-113,Fighter-X,3850.5,2275,90.3,45.9,305.4,4.68,7666,2873.6,27.53,25.3,11.3,40,12,2,49.7,87.8,4,Overhaul,0,0.49,288.6,Medium
REC0005,AF-105,Cargo-B,4785.4,2381,88.7,43.0,317.3,4.76,8136,2790.5,27.34,32.4,11.1,5,12,2,51.9,90.4,4,Routine,0,0.519,241.7,High
REC0257,AF-107,Cargo-B,2777.5,1608,88.9,39.8,323.0,4.39,7816,2989.7,27.17,23.5,10.2,26,4,3,50.1,90.6,4,Corrective,1,0.677,313.1,High
REC0449,AF-149,MultiRole-A,1034.2,566,83.6,43.4,317.1,3.93,7942,3095.5,27.76,29.3,3.4,39,1,3,36.0,93.1,3,Routine,0,0.417,297.6,Medium
REC0101,AF-101,MultiRole-A,2968.9,1558,97.8,43.0,323.2,4.41,8012,2929.4,27.44,29.5,7.7,76,5,3,49.5,90.7,3,Routine,1,0.746,247.9,High
REC0227,AF-127,Cargo-B,3427.3,1579,92.8,44.8,322.5,4.32,8298,2935.6,27.48,30.2,10.1,64,8,1,50.0,88.4,1,Overhaul,0,0.36,267.1,Medium
REC0430,AF-130,Trainer-Z,2518.5,1380,88.8,43.5,311.2,4.72,8229,2945.6,27.5,27.7,8.1,29,8,4,54.8,85.7,5,Routine,0,0.677,198.0,High
REC0214,AF-114,Fighter-X,3310.1,1966,86.1,45.4,302.8,3.93,8659,3092.4,27.82,44.8,12.6,58,10,2,40.2,88.0,2,Inspection,0,0.29,360.3,Medium
REC0172,AF-122,MultiRole-A,5120.7,3002,86.2,43.1,323.7,4.59,8322,2749.3,27.61,18.8,11.7,62,10,1,62.6,87.1,2,Corrective,0,0.476,235.0,Medium
REC0099,AF-149,Fighter-X,2713.7,1412,82.8,46.3,301.5,4.68,8162,2955.3,27.67,44.6,8.9,60,4,1,40.4,92.7,2,Inspection,0,0.259,330.2,Medium
REC0293,AF-143,MultiRole-A,1186.0,680,76.8,43.9,272.8,3.25,8058,3016.9,28.0,15.0,3.6,24,4,2,27.0,93.7,2,Corrective,0,0.242,375.7,Normal
REC0216,AF-116,MultiRole-A,1337.0,776,87.2,51.0,297.7,2.57,7888,3062.3,27.37,28.2,3.2,90,4,0,21.2,95.3,1,Routine,0,0.091,388.7,Normal
REC0062,AF-112,Fighter-X,1641.5,849,82.1,46.7,298.8,3.06,8196,3047.3,27.82,15.0,3.9,5,1,3,34.1,89.2,3,Inspection,1,0.238,352.6,Normal
REC0048,AF-148,Cargo-B,3388.7,1700,94.3,38.7,308.1,5.59,8528,2942.9,27.65,36.2,9.8,91,8,3,55.9,87.3,3,Routine,1,0.896,173.6,Critical
REC0033,AF-133,Trainer-Z,2185.7,1011,91.9,39.5,289.0,5.34,7637,2888.0,27.8,17.7,8.8,116,2,3,53.3,87.3,4,Routine,1,0.932,182.4,Critical
REC0268,AF-118,Cargo-B,3252.6,1626,87.5,42.6,340.0,4.52,7454,2865.1,27.69,37.4,8.4,65,1,2,52.8,87.3,3,Routine,1,0.537,228.1,High
REC0328,AF-128,Fighter-X,3538.1,1972,83.5,48.3,321.0,4.72,7679,2912.1,27.49,34.8,11.1,39,8,2,57.2,88.5,4,Routine,1,0.512,230.6,High
REC0201,AF-101,MultiRole-A,2220.7,1063,88.0,43.3,328.1,4.75,8243,2977.0,27.36,40.5,6.0,96,5,2,46.0,86.1,3,Inspection,1,0.595,299.7,High
REC0447,AF-147,Transport-Y,1242.5,628,81.6,48.4,280.8,2.96,7973,3096.1,27.71,34.8,3.7,72,2,0,22.7,92.7,0,Inspection,0,0.139,486.6,Normal
REC0028,AF-128,MultiRole-A,1766.4,860,87.6,41.6,333.5,5.2,8418,3009.3,27.19,26.9,5.5,38,3,4,50.3,88.5,4,Overhaul,0,0.671,249.4,High
REC0425,AF-125,Cargo-B,2472.9,1219,87.9,49.4,315.6,2.94,8220,3129.3,27.85,33.4,5.3,71,5,1,28.5,92.6,1,Inspection,0,0.178,438.1,Normal
REC0231,AF-131,Fighter-X,2636.5,1202,92.4,45.7,313.1,4.36,8184,2981.0,27.42,30.5,8.4,15,8,3,43.6,89.4,4,Routine,1,0.493,337.1,Medium
REC0261,AF-111,Cargo-B,2095.2,1133,87.2,43.2,323.7,3.8,7849,2893.0,27.69,31.4,5.3,73,2,2,38.6,88.2,2,Routine,1,0.383,318.9,Medium
REC0289,AF-139,Trainer-Z,3294.6,1615,89.5,45.2,294.7,3.94,8492,2890.8,28.3,28.8,7.4,118,8,0,49.7,86.0,1,Inspection,0,0.3,281.2,Medium
REC0163,AF-113,Cargo-B,2551.5,1401,85.4,43.2,321.5,5.05,8170,2898.1,27.44,28.4,6.7,90,3,1,46.8,90.8,1,Routine,0,0.471,292.8,Medium
REC0426,AF-126,MultiRole-A,5225.5,2736,91.0,43.6,301.3,4.79,7921,2831.8,27.31,38.6,12.7,66,12,1,59.0,86.9,1,Routine,0,0.504,237.4,High
REC0139,AF-139,Fighter-X,1249.2,685,78.6,48.1,298.6,3.97,8149,3073.8,27.53,26.3,3.8,41,1,1,29.7,95.5,2,Routine,1,0.188,445.4,Normal
REC0063,AF-113,Cargo-B,3521.1,1783,101.5,38.6,346.4,6.16,8275,2978.3,27.41,26.6,10.5,47,11,5,66.9,83.1,9,Inspection,1,0.988,84.7,Critical
REC0136,AF-136,Transport-Y,1274.9,761,80.8,48.3,292.1,3.37,8263,2998.7,27.83,44.6,3.6,31,3,1,33.6,90.7,1,Routine,0,0.183,371.0,Normal
REC0129,AF-129,Trainer-Z,1632.5,967,80.5,49.0,274.7,2.31,8205,3009.2,28.05,36.0,5.5,111,8,2,21.6,92.8,2,Corrective,0,0.177,417.6,Normal
REC0477,AF-127,Transport-Y,1111.0,583,83.5,47.9,291.7,2.18,8116,3053.7,27.8,44.8,3.0,5,2,3,21.5,91.8,4,Overhaul,0,0.235,403.5,Normal
REC0009,AF-109,Cargo-B,1813.9,923,86.9,45.5,291.5,3.63,8335,3064.5,28.06,36.8,4.3,73,6,3,33.3,90.7,3,Corrective,0,0.331,305.6,Medium
REC0327,AF-127,Trainer-Z,3909.4,2182,85.9,47.7,321.9,4.93,7992,3035.4,27.4,22.8,9.5,5,9,2,58.9,87.6,2,Inspection,1,0.453,245.5,Medium
REC0464,AF-114,Trainer-Z,2822.8,1484,92.7,44.6,345.6,5.59,8533,2779.8,27.51,32.3,11.5,5,5,3,66.9,88.1,7,Routine,1,0.812,85.5,Critical
REC0065,AF-115,Transport-Y,2670.9,1501,94.0,42.6,308.8,3.81,8091,3038.3,27.93,16.2,7.2,67,3,2,40.2,88.8,5,Inspection,0,0.593,337.1,High
REC0301,AF-101,MultiRole-A,1269.9,654,86.8,40.1,291.7,3.61,7901,3055.4,27.91,19.8,4.4,109,4,1,33.4,91.3,1,Routine,1,0.424,366.5,Medium
REC0015,AF-115,Trainer-Z,2252.5,1275,86.4,48.1,301.0,3.71,8375,2933.6,28.18,36.5,6.9,39,8,1,41.3,91.9,1,Routine,0,0.189,331.8,Normal
REC0157,AF-107,Trainer-Z,2599.6,1512,87.3,45.4,294.8,3.87,7897,2884.5,27.94,28.5,7.4,8,6,1,41.8,85.4,1,Routine,0,0.196,401.1,Normal
REC0041,AF-141,Transport-Y,3952.3,2224,91.8,42.8,323.5,5.36,7821,2893.8,27.64,32.8,10.2,25,9,1,62.5,82.8,2,Routine,0,0.611,210.7,High
REC0380,AF-130,MultiRole-A,2556.6,1353,99.3,45.7,305.0,4.63,7954,2893.9,27.75,35.4,7.0,66,5,3,51.1,88.3,3,Corrective,1,0.719,211.7,High
REC0469,AF-119,MultiRole-A,3345.6,1915,84.2,43.4,287.7,4.16,8067,2943.8,27.41,27.2,8.9,36,5,2,46.0,87.5,4,Corrective,0,0.49,275.5,Medium
REC0404,AF-104,MultiRole-A,1635.2,925,85.0,40.5,335.5,5.16,7785,2918.6,27.71,28.2,6.2,6,1,5,47.5,89.9,5,Routine,0,0.793,204.2,Critical
REC0217,AF-117,MultiRole-A,2614.5,1307,87.7,45.3,315.6,4.11,7851,2824.1,27.15,27.2,7.8,69,3,2,45.1,90.5,2,Overhaul,0,0.337,312.3,Medium
REC0280,AF-130,Fighter-X,2072.7,1158,86.7,46.0,275.3,2.98,8308,2987.6,27.39,27.6,5.9,24,4,0,32.4,91.7,2,Inspection,0,0.118,381.8,Normal
REC0435,AF-135,Transport-Y,1914.5,1001,84.5,43.8,290.5,3.9,8688,2914.1,28.02,25.0,5.9,113,7,1,36.3,91.4,2,Overhaul,0,0.349,292.9,Medium
REC0431,AF-131,Trainer-Z,874.5,459,88.1,43.8,320.8,3.77,8040,3001.7,27.79,38.1,2.0,110,2,2,29.4,90.5,4,Routine,1,0.423,295.7,Medium
REC0338,AF-138,Fighter-X,4589.7,2465,95.9,43.5,351.3,4.63,8282,2794.7,27.73,38.3,11.2,17,11,2,55.2,85.1,2,Routine,1,0.597,177.4,High
REC0237,AF-137,Transport-Y,4182.5,1968,95.1,43.4,348.4,5.94,8342,2813.7,27.36,27.8,12.4,68,13,3,76.8,84.0,5,Routine,1,0.88,91.1,Critical
REC0208,AF-108,Fighter-X,3627.8,2018,89.9,43.5,327.2,4.72,8512,2990.1,27.43,15.0,10.7,17,6,1,59.9,87.9,2,Overhaul,0,0.441,238.2,Medium
REC0213,AF-113,MultiRole-A,2587.5,1403,89.2,47.7,319.0,4.69,8308,2911.2,27.51,34.1,6.4,88,4,3,47.6,90.0,4,Overhaul,1,0.566,197.0,High
REC0296,AF-146,Cargo-B,933.6,531,87.6,44.4,308.5,4.46,7853,2896.6,28.02,38.3,2.7,23,2,3,37.5,90.0,3,Inspection,0,0.4,317.7,Medium
REC0458,AF-108,Fighter-X,4057.9,2208,84.7,42.0,349.8,4.94,8207,2889.8,27.57,15.0,11.1,6,6,2,58.5,83.0,3,Routine,1,0.619,228.5,High
REC0252,AF-102,Transport-Y,1325.9,713,93.6,42.2,320.8,4.87,8160,2959.4,27.19,21.7,3.3,80,2,3,46.2,82.5,3,Overhaul,0,0.685,266.9,High
REC0489,AF-139,Transport-Y,3801.4,2060,87.4,38.2,346.8,4.8,8395,2951.7,27.71,30.5,9.4,132,8,2,62.5,85.3,2,Inspection,1,0.864,150.6,Critical
REC0487,AF-137,Cargo-B,1315.1,778,83.7,45.0,284.0,3.79,7896,3051.9,28.16,20.1,4.7,5,2,4,35.5,86.8,5,Routine,0,0.435,267.1,Medium
REC0304,AF-104,MultiRole-A,2624.3,1552,80.3,43.8,312.2,4.43,7739,2942.7,27.5,18.9,8.0,108,4,4,47.8,88.9,5,Inspection,1,0.718,185.1,High
REC0351,AF-101,Trainer-Z,3437.9,1686,96.0,45.1,311.5,4.35,8475,2836.3,27.51,32.3,11.7,59,10,2,54.1,90.1,4,Overhaul,0,0.577,272.5,High
REC0270,AF-120,Transport-Y,3904.6,2115,95.8,43.5,302.1,5.13,8354,2790.0,27.21,27.2,12.0,79,13,1,57.1,85.7,1,Corrective,1,0.632,247.7,High
REC0202,AF-102,MultiRole-A,2905.7,1461,96.8,43.9,338.6,5.71,8309,2781.6,27.47,38.7,9.5,26,8,3,64.9,84.9,3,Routine,1,0.773,168.3,Critical
REC0162,AF-112,Trainer-Z,3675.1,2067,97.4,47.7,314.3,5.21,7870,2845.7,27.42,22.5,10.8,65,5,1,50.9,86.0,1,Routine,1,0.575,315.6,High
REC0044,AF-144,Cargo-B,3370.8,2006,89.7,40.4,307.0,5.88,8011,2844.4,27.2,33.4,9.9,70,9,4,67.5,84.5,7,Inspection,1,0.897,99.8,Critical
REC0218,AF-118,Transport-Y,1405.5,792,84.5,48.8,296.2,3.0,8436,2925.5,27.99,32.9,4.4,40,6,2,31.3,91.3,3,Routine,0,0.246,414.9,Normal
REC0402,AF-102,Cargo-B,3197.5,1538,92.8,42.7,309.1,5.23,8212,2859.1,27.68,19.0,10.7,33,6,2,63.8,87.8,2,Corrective,1,0.656,218.7,High
REC0191,AF-141,Fighter-X,2404.3,1374,90.1,48.8,285.3,4.42,8700,2964.0,28.36,18.5,9.5,74,4,0,38.7,90.2,0,Corrective,0,0.254,387.8,Medium
REC0310,AF-110,MultiRole-A,2167.0,1255,86.5,48.8,312.1,4.15,7916,3054.7,27.44,25.1,7.2,96,7,1,28.9,91.1,1,Routine,0,0.187,425.5,Normal
REC0260,AF-110,Trainer-Z,3085.4,1463,89.5,42.7,284.1,3.79,7559,2901.6,27.74,27.4,7.4,45,7,2,40.7,90.5,2,Routine,1,0.385,331.7,Medium
REC0106,AF-106,MultiRole-A,1235.0,714,86.6,44.9,316.2,3.29,8068,3028.1,27.86,35.9,3.1,113,3,3,38.6,90.4,3,Inspection,1,0.476,287.0,Medium
REC0054,AF-104,Fighter-X,1905.5,1124,80.2,46.3,298.5,4.66,8359,2853.3,27.64,25.7,7.3,21,4,1,44.2,88.8,2,Corrective,0,0.359,324.9,Medium
REC0390,AF-140,Cargo-B,377.4,214,83.9,49.9,254.9,2.62,7886,3087.8,27.98,38.5,1.0,71,4,0,22.0,92.4,1,Routine,1,0.097,492.6,Normal
REC0002,AF-102,Transport-Y,2482.1,1134,88.4,44.1,305.2,3.84,7851,2854.5,27.42,43.0,7.2,88,4,0,37.7,90.9,4,Inspection,0,0.331,293.7,Medium
REC0442,AF-142,MultiRole-A,2185.4,1089,85.7,46.8,316.7,4.18,7668,2925.0,27.54,22.4,5.6,127,4,1,44.4,89.9,1,Routine,1,0.38,314.3,Medium
REC0483,AF-133,Fighter-X,2287.7,1267,88.4,40.5,326.4,5.81,8069,2906.6,27.48,28.6,4.9,62,4,4,54.8,85.5,5,Corrective,1,0.805,177.8,Critical
REC0050,AF-150,Trainer-Z,1338.3,609,85.9,43.5,296.4,3.83,7892,3036.9,27.64,26.1,4.5,127,2,4,34.4,91.1,4,Routine,0,0.641,266.4,High
REC0420,AF-120,Cargo-B,2257.6,1237,89.2,41.4,317.0,4.23,7981,2876.9,27.95,29.5,7.2,68,8,2,48.5,84.9,3,Routine,1,0.532,315.4,High
REC0081,AF-131,Fighter-X,3312.8,1792,97.8,43.9,314.0,4.41,8314,3054.5,27.43,24.1,9.7,80,10,1,51.0,88.2,1,Routine,1,0.565,232.7,High
REC0206,AF-106,Transport-Y,2504.7,1152,84.3,45.6,292.4,3.94,8331,3080.5,27.43,27.9,8.1,80,6,2,45.2,89.4,2,Routine,1,0.347,307.5,Medium
REC0035,AF-135,Fighter-X,2247.6,1094,91.4,43.4,318.8,5.14,7806,2862.4,27.09,27.9,6.0,7,3,2,57.5,88.5,3,Corrective,0,0.61,212.9,High
REC0264,AF-114,Trainer-Z,305.3,163,82.0,47.6,279.4,2.99,7693,3034.3,28.5,31.8,1.0,78,1,1,13.5,96.5,1,Inspection,0,0.101,449.5,Normal
REC0428,AF-128,MultiRole-A,1721.1,899,91.0,42.0,319.4,5.05,8249,2935.4,27.78,32.7,5.8,37,4,4,53.0,87.4,6,Routine,1,0.794,143.6,Critical
REC0367,AF-117,Transport-Y,2751.9,1368,90.4,43.1,336.4,5.35,7764,2857.4,27.8,32.8,7.3,33,6,3,62.9,85.2,4,Inspection,1,0.737,152.8,High
REC0092,AF-142,MultiRole-A,891.5,532,93.6,45.3,274.4,2.47,8184,3101.0,28.11,37.0,2.4,9,4,0,24.7,94.2,1,Corrective,0,0.103,479.1,Normal
REC0340,AF-140,Cargo-B,2123.5,1093,85.3,45.5,304.6,4.28,8078,2781.8,27.37,23.4,4.8,71,3,2,48.9,90.6,2,Routine,0,0.43,258.8,Medium
REC0474,AF-124,Cargo-B,1620.4,740,85.0,46.5,336.4,4.72,7868,2943.4,27.15,36.6,5.2,61,4,4,47.1,87.2,4,Routine,0,0.52,213.7,High
REC0053,AF-103,Transport-Y,1647.2,799,85.8,45.8,323.0,3.21,7772,2867.3,28.34,37.9,4.3,90,7,2,36.9,92.1,4,Routine,0,0.375,323.8,Medium
REC0346,AF-146,Transport-Y,4455.4,2334,90.7,42.8,350.9,5.19,8178,2811.4,26.97,31.2,10.6,92,13,2,69.6,82.0,7,Overhaul,1,0.826,80.8,Critical
REC0265,AF-115,MultiRole-A,2764.9,1466,84.5,41.3,291.9,4.68,7900,3064.3,27.18,42.4,6.7,78,7,1,51.5,87.0,2,Corrective,1,0.503,280.7,High
REC0242,AF-142,MultiRole-A,1010.6,479,84.6,45.0,298.0,3.41,7917,3029.4,27.82,36.4,4.0,81,1,0,28.3,91.4,0,Routine,0,0.087,439.7,Normal
REC0014,AF-114,Fighter-X,2986.2,1774,87.5,43.6,320.9,4.77,8543,2966.0,27.4,26.7,9.1,33,6,0,53.5,89.1,0,Routine,0,0.331,327.9,Medium
REC0316,AF-116,Trainer-Z,1504.8,870,86.0,48.9,289.2,3.68,8093,2976.2,28.1,32.1,4.9,121,5,3,41.7,89.4,3,Routine,1,0.5,257.7,High
REC0089,AF-139,Transport-Y,2231.9,1320,84.1,48.6,318.3,2.99,8700,3005.2,27.73,25.4,5.0,53,6,3,38.2,90.9,5,Corrective,1,0.386,306.5,Medium
REC0388,AF-138,Cargo-B,2726.5,1297,86.4,40.4,334.4,4.7,8525,2975.4,27.72,26.9,10.1,18,3,1,53.4,90.7,3,Corrective,0,0.59,193.7,High
REC0274,AF-124,Transport-Y,2725.4,1473,85.6,40.3,311.4,3.75,8040,3094.2,27.49,27.1,7.7,44,6,1,46.0,86.8,2,Routine,1,0.459,345.5,Medium
REC0167,AF-117,Transport-Y,1207.6,636,83.2,49.6,296.4,3.79,8304,2938.0,27.8,36.6,3.0,49,5,2,35.0,91.4,3,Routine,0,0.307,333.0,Medium
REC0329,AF-129,Trainer-Z,5240.4,2550,93.7,36.4,340.8,7.01,8381,2865.3,26.8,27.4,11.7,60,7,3,93.7,75.8,6,Routine,1,0.99,20.0,Critical
REC0493,AF-143,Transport-Y,1716.7,857,81.4,47.9,298.8,3.64,8273,2936.7,28.0,29.8,4.9,8,3,0,28.8,93.6,3,Routine,0,0.222,421.4,Normal
REC0135,AF-135,MultiRole-A,2817.5,1389,87.2,46.5,339.6,4.58,8485,3004.3,27.57,22.9,8.1,5,8,1,48.2,90.1,1,Routine,0,0.291,316.4,Medium
REC0307,AF-107,Transport-Y,5115.6,2807,101.5,39.5,335.9,5.43,8029,2905.5,27.6,42.5,12.2,57,15,2,66.7,85.3,6,Overhaul,1,0.969,138.8,Critical
REC0481,AF-131,Fighter-X,2565.5,1452,91.3,44.8,315.4,3.56,7905,2964.5,27.43,32.0,7.9,43,5,3,47.5,90.0,4,Inspection,0,0.482,276.6,Medium
REC0320,AF-120,Trainer-Z,2836.4,1569,89.4,45.8,324.2,4.56,7732,2919.0,27.76,26.3,6.9,94,4,0,51.1,89.3,1,Inspection,0,0.38,324.6,Medium
REC0244,AF-144,Transport-Y,1091.2,643,88.0,43.8,294.7,3.73,8105,2968.0,27.76,33.8,3.7,119,1,3,28.6,90.2,4,Routine,1,0.494,275.7,Medium
REC0055,AF-105,Fighter-X,2147.4,1276,92.7,47.1,312.9,3.56,8262,2884.5,27.99,31.0,7.5,102,5,0,41.6,89.1,1,Inspection,0,0.326,327.3,Medium
REC0364,AF-114,Trainer-Z,2807.2,1496,89.4,44.0,307.2,4.72,8161,3032.5,27.41,37.2,8.0,52,9,4,50.4,86.4,6,Routine,1,0.66,254.7,High
REC0051,AF-101,Fighter-X,3130.1,1721,90.0,44.8,313.1,4.74,8296,2973.5,28.22,43.4,10.0,77,6,2,48.1,88.3,3,Routine,0,0.496,288.7,Medium
REC0457,AF-107,Transport-Y,3478.2,1955,89.3,40.1,332.9,5.32,8301,2885.5,27.34,27.5,8.4,147,6,2,57.8,84.3,2,Routine,1,0.801,205.3,Critical
REC0175,AF-125,Fighter-X,2176.4,1057,87.7,46.4,313.0,3.66,7947,3020.3,28.19,29.7,5.9,45,4,1,32.9,96.2,1,Routine,0,0.151,365.6,Normal
REC0446,AF-146,Trainer-Z,3693.8,1670,90.1,43.6,301.4,3.57,7963,2936.2,28.2,25.8,9.2,38,6,1,45.0,91.1,2,Inspection,0,0.276,304.7,Medium
REC0190,AF-140,MultiRole-A,3473.7,1765,87.3,39.0,329.7,5.43,8035,2691.9,27.25,22.4,10.9,80,6,4,61.5,83.4,4,Inspection,1,0.866,150.0,Critical
REC0497,AF-147,Cargo-B,3142.3,1790,95.6,39.2,349.4,5.09,8344,2881.0,27.45,24.7,8.0,133,6,4,56.4,85.8,6,Inspection,1,0.971,77.2,Critical
REC0188,AF-138,Transport-Y,1687.6,865,85.7,42.0,295.5,3.29,8351,2984.9,28.02,33.4,4.7,38,4,1,35.2,89.5,1,Inspection,0,0.239,386.1,Normal
REC0170,AF-120,Cargo-B,2695.8,1351,90.0,45.3,313.7,4.36,7763,2916.2,27.29,40.5,6.7,126,6,2,46.3,87.7,3,Routine,0,0.516,215.4,High
REC0059,AF-109,MultiRole-A,3399.8,1548,87.3,40.7,327.1,5.25,7895,2932.1,27.63,35.0,8.5,8,7,0,52.4,87.5,1,Corrective,0,0.483,326.4,Medium
REC0049,AF-149,MultiRole-A,842.2,435,81.4,50.0,285.5,2.46,8244,2989.2,28.25,38.1,2.0,5,4,1,16.9,93.6,1,Routine,0,0.109,464.5,Normal
REC0345,AF-145,Trainer-Z,2032.1,1133,90.3,45.0,291.3,3.06,8161,3101.4,27.58,21.4,6.6,5,5,1,36.3,87.9,2,Routine,1,0.181,349.6,Normal
REC0236,AF-136,Fighter-X,2162.0,1014,86.2,41.1,305.6,5.18,8172,2892.2,28.38,26.5,7.3,68,4,3,45.9,86.7,4,Corrective,1,0.706,265.6,High
REC0253,AF-103,Trainer-Z,2819.3,1597,95.2,42.6,311.9,3.97,7965,2876.0,27.88,22.1,7.1,58,6,1,44.0,93.3,2,Corrective,1,0.472,370.4,Medium
REC0022,AF-122,MultiRole-A,1714.9,949,88.1,49.3,293.8,2.97,8005,2851.1,27.43,28.5,5.3,97,5,0,32.8,94.2,0,Routine,0,0.177,388.1,Normal
REC0314,AF-114,MultiRole-A,2126.3,1187,78.0,44.6,324.1,3.39,8203,3116.2,27.39,35.9,5.4,13,3,1,33.8,87.4,1,Routine,1,0.205,491.3,Normal
REC0460,AF-110,Cargo-B,3252.5,1671,84.3,43.9,324.4,3.54,7710,2866.1,27.6,28.1,7.4,14,7,1,46.0,90.3,1,Corrective,0,0.276,331.9,Medium
REC0161,AF-111,MultiRole-A,1809.1,953,87.6,41.8,273.4,4.15,7974,3054.3,27.93,30.9,5.4,47,4,2,42.7,89.6,2,Routine,1,0.456,325.2,Medium
REC0277,AF-127,Fighter-X,2762.6,1395,91.6,44.0,337.7,4.95,8145,3115.4,27.77,32.1,10.7,51,5,3,50.6,88.3,3,Inspection,0,0.556,247.8,High
REC0444,AF-144,MultiRole-A,2884.9,1411,88.9,48.2,318.6,3.64,8013,2994.6,27.73,31.4,6.1,71,6,4,42.6,87.6,5,Corrective,1,0.495,264.8,Medium
REC0192,AF-142,Cargo-B,2904.7,1468,84.4,44.8,321.5,4.75,8364,2789.1,27.52,29.5,7.8,15,5,2,60.2,90.4,2,Routine,1,0.462,239.3,Medium
REC0386,AF-136,MultiRole-A,2366.1,1270,97.3,46.3,324.5,4.56,7934,2872.6,27.87,20.7,7.5,92,4,0,54.0,85.3,0,Corrective,1,0.536,270.2,High
REC0294,AF-144,Cargo-B,1530.2,697,80.9,42.6,322.4,3.75,7850,2893.1,27.86,27.7,4.1,38,2,2,41.5,86.3,2,Routine,1,0.356,301.7,Medium
REC0414,AF-114,MultiRole-A,1526.3,882,86.2,44.2,312.0,4.62,8195,3040.8,27.83,38.5,4.0,29,3,1,34.7,90.6,1,Inspection,0,0.201,341.2,Normal
REC0344,AF-144,Transport-Y,1302.5,592,93.1,46.1,273.8,4.09,8049,3008.1,27.96,30.3,4.8,101,5,1,44.4,86.1,2,Inspection,1,0.434,325.7,Medium
REC0258,AF-108,Fighter-X,1240.1,658,76.9,44.4,284.2,2.9,8495,2986.9,27.59,24.8,3.0,72,3,1,26.2,92.8,2,Corrective,0,0.185,429.6,Normal
REC0309,AF-109,Trainer-Z,3018.7,1693,81.4,40.2,328.0,4.27,8384,2950.5,27.77,30.2,7.0,69,2,3,52.9,87.1,4,Routine,1,0.736,224.5,High
REC0150,AF-150,Fighter-X,4523.8,2249,95.2,34.2,332.0,6.92,8304,2804.7,27.9,40.1,12.0,66,10,5,78.2,81.1,9,Routine,1,0.99,27.1,Critical
REC0131,AF-131,MultiRole-A,1169.9,685,91.6,44.6,342.7,3.65,7886,2984.9,27.69,20.2,4.2,47,5,1,43.0,91.2,2,Routine,0,0.294,330.4,Medium
REC0152,AF-102,MultiRole-A,2218.9,1309,88.1,42.5,279.8,3.56,7742,2873.7,27.5,15.1,6.1,20,6,2,43.2,93.3,3,Routine,0,0.416,320.2,Medium
REC0360,AF-110,MultiRole-A,1714.7,778,90.5,45.5,296.1,3.85,7719,2957.4,28.13,35.2,6.2,81,4,1,37.5,91.2,2,Overhaul,1,0.306,346.4,Medium
REC0100,AF-150,Trainer-Z,2590.7,1242,88.1,46.0,304.2,3.99,8014,3022.9,27.7,31.1,5.7,66,5,1,39.8,87.6,2,Inspection,0,0.298,376.7,Medium
REC0373,AF-123,Transport-Y,3623.0,2015,81.0,40.8,332.4,6.48,8020,2780.6,27.39,30.6,8.7,45,8,6,80.5,78.8,10,Routine,1,0.987,20.0,Critical
REC0088,AF-138,MultiRole-A,2359.4,1267,91.3,38.2,299.4,5.37,8050,2908.6,27.53,37.9,7.2,22,10,4,61.5,89.2,5,Corrective,1,0.884,151.3,Critical
REC0459,AF-109,MultiRole-A,714.0,406,82.7,47.5,278.6,3.34,8243,2973.1,28.54,30.6,2.9,51,2,3,23.4,92.4,3,Routine,0,0.192,417.6,Normal
REC0331,AF-131,Fighter-X,2218.5,1134,90.3,45.9,340.3,4.06,8700,2950.5,27.72,42.7,6.6,91,8,2,47.7,91.2,4,Corrective,0,0.484,248.3,Medium
REC0215,AF-115,Cargo-B,1730.8,844,90.5,42.5,318.0,4.54,8081,2895.8,27.67,44.2,4.6,59,1,1,49.5,86.5,1,Corrective,0,0.387,326.7,Medium
REC0467,AF-117,MultiRole-A,3240.3,1924,89.1,39.4,306.4,4.91,7839,2892.5,27.52,30.1,11.0,96,7,5,58.4,85.8,6,Routine,1,0.933,122.5,Critical
REC0122,AF-122,Trainer-Z,2028.7,941,86.4,44.5,317.8,4.19,8513,2902.3,27.91,28.3,8.4,26,6,4,37.1,93.2,5,Inspection,1,0.505,307.5,High
REC0500,AF-150,Cargo-B,2078.7,959,85.7,38.4,299.5,5.93,8221,2904.1,27.87,22.1,5.0,57,6,6,60.2,86.5,8,Routine,1,0.907,99.1,Critical
REC0021,AF-121,Cargo-B,2207.1,1145,89.7,45.4,292.9,4.54,8072,2970.5,27.58,33.4,7.0,51,1,2,34.8,89.9,2,Routine,0,0.289,324.8,Medium
REC0189,AF-139,Trainer-Z,2655.3,1588,85.2,43.4,345.6,3.95,8261,2900.4,27.53,26.4,8.4,42,9,1,47.5,88.4,2,Routine,0,0.354,323.2,Medium
REC0072,AF-122,Fighter-X,2289.5,1149,88.1,44.1,303.1,3.37,7806,3018.6,27.43,26.3,7.3,73,4,1,30.7,94.2,1,Inspection,0,0.189,394.1,Normal
REC0107,AF-107,Cargo-B,2615.3,1393,93.3,40.2,338.3,4.76,7912,2799.1,27.8,43.5,6.3,24,5,4,58.3,84.6,4,Routine,1,0.813,139.6,Critical
REC0271,AF-121,Transport-Y,2135.2,1186,92.2,45.4,310.8,4.39,8468,2932.1,27.94,20.4,4.9,20,7,2,42.0,89.6,3,Routine,0,0.427,253.7,Medium
REC0349,AF-149,Cargo-B,4521.3,2332,97.1,43.6,318.6,5.57,7969,2945.5,26.88,41.7,10.3,95,10,1,67.3,83.2,4,Inspection,1,0.833,158.1,Critical
REC0436,AF-136,Transport-Y,2419.8,1264,91.8,49.8,288.7,5.44,7826,2988.1,27.92,37.4,6.5,43,7,2,51.8,87.2,2,Routine,1,0.52,225.3,High
REC0103,AF-103,Trainer-Z,2488.1,1196,86.5,48.2,303.4,3.76,7873,3118.8,27.43,31.4,6.6,19,4,2,27.3,93.2,2,Inspection,1,0.231,336.1,Normal
